Name,Team,W,L,SV,HLD,ERA,GS,G,IP,H,ER,HR,SO,BB,WHIP,K/9,BB/9,FIP,WAR,ADP,playerid
Kenley Jansen,Dodgers,4,2,31,7,2.51,0,65,65,46,18,7,93,16,0.95,12.85,2.18,2.46,2.3,36.5,3096
Craig Kimbrel,Red Sox,4,2,33,4,2.5,0,65,65,41,18,6,105,26,1.02,14.48,3.54,2.49,2.3,44.8,6655
Andrew Miller,Indians,5,2,3,18,2.41,0,65,65,47,17,6,94,20,1.03,13.03,2.79,2.63,2.1,206.4,6785
Clayton Kershaw,Dodgers,16,7,0,0,2.6,29,29,192,153,55,19,224,32,0.97,10.51,1.51,2.68,6.2,7.7,2036
Aroldis Chapman,Yankees,5,2,34,3,2.64,0,65,65,44,19,6,99,28,1.1,13.64,3.86,2.72,2.2,63.8,10233
Noah Syndergaard,Mets,13,8,0,0,2.98,31,31,181,152,60,16,217,43,1.08,10.79,2.16,2.73,5.8,31.4,11762
Ken Giles,Astros,3,2,31,3,3.03,0,65,65,50,22,6,89,23,1.13,12.39,3.25,2.86,1.9,95.1,12910
Felipe Rivero,Pirates,4,3,31,5,2.91,0,65,65,52,21,5,80,23,1.15,11.05,3.17,2.93,1.8,86.9,12076
Corey Kluber,Indians,17,8,0,0,3.04,32,32,219,185,74,22,249,50,1.07,10.23,2.03,2.99,6.5,13.9,2429
Mark Melancon,Giants,4,2,30,6,3.04,0,65,65,60,22,5,60,15,1.15,8.29,2.05,3.03,1.5,174.8,4264
Zach Britton,Orioles,2,1,4,4,2.97,0,40,40,35,13,2,39,15,1.25,8.82,3.44,3.06,0.5,294.7,3240
Corey Knebel,Brewers,3,2,31,4,3.05,0,65,65,46,22,7,98,30,1.18,13.51,4.21,3.08,1.8,65.7,15010
Chris Sale,Red Sox,16,7,0,0,3.03,29,29,197,164,66,22,230,40,1.04,10.5,1.83,3.09,5.4,12.3,10603
Ryan Madson,Nationals,6,3,3,19,3.11,0,65,65,57,22,6,69,18,1.15,9.51,2.46,3.1,1.5,401.1,1852
Chad Green,Yankees,4,2,0,16,3.1,0,65,65,51,22,8,85,20,1.1,11.76,2.8,3.12,0.9,297.3,15552
Dellin Betances,Yankees,5,3,1,17,2.96,0,65,65,44,21,6,97,35,1.21,13.49,4.82,3.12,1.2,278.6,6216
Jesse Hahn,Royals,0,0,0,0,0,0,0,0,0,0,0,0,0,0,0,0,3.16,0,703.5,13287
Matt Garza,,0,0,0,0,0,0,0,0,0,0,0,0,0,0,0,0,3.16,0,999,3340
Ben Taylor,Red Sox,0,0,0,0,0,0,0,0,0,0,0,0,0,0,0,0,3.16,0,999,18114
Corey Oswalt,Mets,0,0,0,0,0,0,0,0,0,0,0,0,0,0,0,0,3.16,0,999,sa658034
Chris Lee,Orioles,0,0,0,0,0,0,0,0,0,0,0,0,0,0,0,0,3.16,0,999,sa550044
Chase De Jong,Mariners,0,0,0,0,0,0,0,0,0,0,0,0,0,0,0,0,3.16,0,999,15036
Shawn Tolleson,Rangers,0,0,0,0,0,0,0,0,0,0,0,0,0,0,0,0,3.16,0,999,10481
Joe Palumbo,Rangers,0,0,0,0,0,0,0,0,0,0,0,0,0,0,0,0,3.16,0,999,sa738453
John Lackey,,0,0,0,0,0,0,0,0,0,0,0,0,0,0,0,0,3.16,0,476.3,1507
Eric Stout,Royals,0,0,0,0,0,0,0,0,0,0,0,0,0,0,0,0,3.16,0,999,sa829070
Dylan Baker,,0,0,0,0,0,0,0,0,0,0,0,0,0,0,0,0,3.16,0,999,sa658002
Jesus Liranzo,Orioles,0,0,0,0,0,0,0,0,0,0,0,0,0,0,0,0,3.16,0,999,sa658076
Francisco Rodriguez,Phillies,0,0,0,0,0,0,0,0,0,0,0,0,0,0,0,0,3.16,0,637.2,1642
Stephen Strasburg,Nationals,14,8,0,0,3.31,31,31,186,162,68,21,216,48,1.13,10.46,2.32,3.17,4.8,25.8,10131
Keone Kela,Rangers,3,2,5,5,3.2,0,40,40,31,14,4,53,16,1.19,11.88,3.69,3.17,0.5,347.9,14696
Roberto Osuna,Blue Jays,4,2,33,3,3.1,0,65,65,54,22,8,76,15,1.05,10.49,2.06,3.17,1.6,77.4,13764
Justin Wilson,Cubs,3,2,0,9,3.13,0,40,40,30,14,3,53,20,1.24,11.91,4.41,3.18,0.4,597.8,4301
Max Scherzer,Nationals,16,8,0,0,3.21,32,32,208,167,74,26,263,56,1.07,11.39,2.42,3.18,5.4,10.2,3137
Brad Hand,Padres,4,3,35,5,3.18,0,75,75,60,26,8,93,26,1.16,11.21,3.14,3.19,1.7,107.1,9111
A.J. Minter,Braves,3,2,4,14,3.3,0,55,55,44,20,6,73,22,1.2,11.94,3.67,3.2,1,392.7,18655
Sean Doolittle,Nationals,3,2,33,5,3.31,0,65,65,53,24,9,83,16,1.06,11.45,2.2,3.21,1.5,124.8,1581
James Hoyt,Astros,2,1,0,3,3.29,0,30,30,25,11,3,38,11,1.19,11.36,3.23,3.21,0.2,721.6,14605
David Robertson,Yankees,6,3,4,16,3.19,0,65,65,50,23,7,86,24,1.14,11.93,3.33,3.22,1.6,302.2,8241
Edwin Diaz,Mariners,5,3,34,3,3.23,0,65,65,50,23,7,86,24,1.14,11.88,3.35,3.24,1.5,89.4,14710
Archie Bradley,Diamondbacks,4,2,22,12,3.38,0,70,70,60,26,7,81,26,1.23,10.39,3.39,3.29,1.6,182.1,12918
Chris Archer,Rays,13,10,0,0,3.37,32,32,198,172,74,22,229,61,1.17,10.37,2.76,3.3,4.8,54,6345
Brett Cecil,Cardinals,3,2,2,10,3.39,0,45,45,41,17,4,47,13,1.21,9.39,2.68,3.3,0.5,628.2,2660
Tommy Kahnle,Yankees,3,2,1,17,3.34,0,55,55,43,20,6,72,25,1.24,11.79,4.09,3.3,1.1,452.6,11384
James Paxton,Mariners,12,8,0,0,3.38,29,29,172,157,65,18,180,49,1.19,9.38,2.57,3.31,4.2,75.8,11828
Drew Steckenrider,Marlins,2,2,2,16,3.23,0,55,55,44,20,5,69,26,1.27,11.26,4.21,3.32,0.9,360.5,18806
Jacob deGrom,Mets,14,10,0,0,3.41,32,32,204,181,77,23,221,56,1.16,9.73,2.45,3.35,4.9,35.5,10954
Cody Allen,Indians,5,3,32,3,3.3,0,65,65,52,24,7,79,24,1.17,10.97,3.3,3.35,1.4,92.6,12183
Anthony Swarzak,Mets,4,3,10,12,3.37,0,65,65,57,24,7,71,20,1.18,9.85,2.73,3.36,1.2,484.2,7466
Jeurys Familia,Mets,3,3,23,11,3.29,0,65,65,57,24,5,67,28,1.3,9.33,3.87,3.36,1.3,173.8,5114
Luis Severino,Yankees,13,8,0,0,3.35,31,31,187,162,70,22,213,52,1.15,10.28,2.51,3.37,4.9,33.3,15890
Blake Parker,Angels,3,3,14,10,3.33,0,65,65,53,24,7,79,23,1.16,10.9,3.12,3.37,1.2,227.2,5224
Carl Edwards Jr.,Cubs,4,3,1,15,3.26,0,55,55,38,20,5,78,33,1.29,12.84,5.35,3.37,0.8,340.1,13607
Josh Fields,Dodgers,2,2,0,9,3.43,0,40,40,34,15,5,45,13,1.17,10.22,2.83,3.37,0.3,664,5070
Liam Hendriks,Athletics,3,2,1,13,3.7,0,55,55,48,23,6,63,19,1.22,10.24,3.09,3.38,0.7,670.3,3548
Jose Quintana,Cubs,15,8,0,0,3.35,32,32,200,180,74,20,202,56,1.18,9.1,2.52,3.38,4.8,70.3,11423
Yu Darvish,Cubs,13,8,0,0,3.44,29,29,174,147,67,21,207,55,1.16,10.69,2.86,3.39,4.2,50.1,13074
Carlos Carrasco,Indians,13,7,0,0,3.34,28,28,169,149,63,21,182,40,1.12,9.72,2.12,3.41,4.1,35.9,6632
Brandon Morrow,Cubs,6,3,32,7,3.36,0,65,65,58,24,6,68,21,1.22,9.4,2.94,3.41,1.3,171.1,9346
Wade Davis,Rockies,4,3,35,1,3.41,0,65,65,53,25,7,81,27,1.24,11.17,3.8,3.42,1.5,109.5,7441
Raisel Iglesias,Reds,4,2,31,3,3.34,0,65,65,56,24,7,72,22,1.21,9.93,3.08,3.43,1.4,98.7,17130
Will Smith,Giants,1,1,0,1,3.33,0,20,20,17,7,2,24,9,1.31,10.6,4.13,3.44,0.1,999,8048
Aaron Nola,Phillies,12,10,0,0,3.58,29,29,177,165,70,20,182,46,1.19,9.25,2.32,3.46,4.3,63.3,16149
Hector Rondon,Astros,4,2,6,12,3.52,0,60,60,53,23,7,67,17,1.17,10.04,2.54,3.47,1.1,594.1,2391
Lance McCullers,Astros,9,6,0,0,3.52,24,24,139,126,54,13,151,53,1.29,9.82,3.46,3.47,3.2,141.4,14120
Pedro Strop,Cubs,4,3,2,17,3.33,0,55,55,44,20,5,64,23,1.23,10.49,3.81,3.48,0.8,591,4070
Robbie Ray,Diamondbacks,12,8,0,0,3.58,29,29,165,137,66,20,213,69,1.25,11.63,3.77,3.49,3.8,47.4,11486
Michael Feliz,Pirates,3,3,1,17,3.66,0,55,55,47,22,6,69,22,1.27,11.26,3.66,3.5,0.8,658.5,11903
Scott Alexander,Dodgers,4,3,5,15,3.31,0,65,65,61,24,4,58,24,1.31,7.97,3.39,3.5,1,650.5,10591
Andrew Chafin,Diamondbacks,2,1,0,6,3.54,0,35,35,31,14,3,37,15,1.31,9.56,3.82,3.5,0.1,999,12988
Will Harris,Astros,3,2,1,16,3.52,0,55,55,49,22,6,58,16,1.19,9.56,2.6,3.51,0.8,546,3192
Luke Gregerson,Cardinals,4,3,25,8,3.46,0,65,65,58,25,7,68,20,1.21,9.46,2.81,3.51,1.1,296.8,4090
Chris Devenski,Astros,5,4,1,19,3.47,0,75,75,63,29,10,86,22,1.13,10.38,2.69,3.53,0.9,294.8,12763
Jerry Blevins,Mets,3,3,1,14,3.47,0,55,55,46,21,6,66,24,1.27,10.86,3.91,3.54,0.6,680.1,7841
Joe Kelly,Red Sox,3,2,2,16,3.47,0,55,55,49,21,5,57,23,1.3,9.33,3.69,3.55,0.7,647.8,9761
Jacob Barnes,Brewers,3,2,1,10,3.65,0,45,45,40,18,4,50,19,1.31,9.91,3.85,3.57,0.4,615.1,12323
Joakim Soria,White Sox,4,3,6,13,3.57,0,65,65,58,26,7,71,24,1.26,9.87,3.32,3.57,1.1,327.3,6941
Blake Treinen,Athletics,3,3,32,2,3.64,0,65,65,61,26,5,61,25,1.33,8.5,3.51,3.57,1.1,179.5,12572
Walker Buehler,Dodgers,3,2,0,1,3.53,8,23,62,51,24,7,78,27,1.25,11.3,3.85,3.57,1,346.2,19374
Trevor Hildenberger,Twins,4,3,1,15,3.67,0,55,55,53,22,6,52,13,1.2,8.56,2.16,3.58,0.8,449,17002
Shohei Ohtani,Angels,10,7,0,0,3.52,24,24,148,123,58,17,175,60,1.24,10.64,3.63,3.59,3.1,80.1,19755
Dominic Leone,Cardinals,3,2,4,18,3.56,0,65,65,57,26,7,72,26,1.27,10.02,3.54,3.6,1,418.8,13763
Greg Holland,,5,3,10,0,3.7,0,65,65,54,27,7,77,31,1.32,10.64,4.35,3.61,1.1,174.6,7196
Zack Greinke,Diamondbacks,15,10,0,0,3.61,32,32,204,191,82,25,197,49,1.18,8.69,2.18,3.61,4.4,48.1,1943
Kirby Yates,Padres,4,3,4,13,3.57,0,60,60,48,24,8,80,24,1.2,12.07,3.54,3.62,0.8,459.1,9073
Jameson Taillon,Pirates,11,10,0,0,3.8,32,32,190,191,80,20,174,52,1.28,8.24,2.47,3.62,3.8,187.3,11674
Danny Salazar,Indians,9,6,0,0,3.64,21,21,122,102,49,16,149,47,1.22,10.98,3.47,3.63,2.6,194.9,5867
Carlos Martinez,Cardinals,14,10,0,0,3.55,32,32,204,188,80,21,206,71,1.27,9.09,3.13,3.63,4.2,53.5,11682
Nate Jones,White Sox,3,3,2,12,3.54,0,55,55,47,22,7,66,18,1.18,10.76,2.96,3.63,0.6,363.8,4696
David Price,Red Sox,13,8,0,0,3.67,29,29,175,166,71,22,175,42,1.19,9.02,2.16,3.63,3.6,108.1,3184
Arodys Vizcaino,Braves,4,3,30,4,3.62,0,65,65,56,26,7,75,29,1.3,10.42,3.96,3.63,1,151.1,5498
Kazuhisa Makita,,2,2,0,0,3.64,0,45,45,48,18,3,26,7,1.23,5.13,1.49,3.64,0.3,999,19757
Joe Smith,Astros,3,2,1,10,3.57,0,45,45,42,18,4,42,14,1.25,8.47,2.79,3.64,0.4,647.7,3281
Tommy Hunter,Phillies,4,3,5,16,3.65,0,65,65,60,26,8,63,17,1.2,8.67,2.42,3.64,1.1,569.7,1157
Dallas Keuchel,Astros,16,10,0,0,3.55,32,32,205,194,81,19,174,61,1.24,7.65,2.68,3.64,4.3,77.3,9434
Justin Verlander,Astros,14,9,0,0,3.65,32,32,208,177,84,27,228,64,1.16,9.89,2.76,3.65,4.3,41,8700
Jared Miller,Diamondbacks,1,1,0,1,3.54,0,15,15,13,6,1,18,7,1.32,10.57,4.24,3.65,0,999,sa827467
Alex Claudio,Rangers,3,2,23,7,3.56,0,65,65,67,26,5,47,17,1.29,6.48,2.29,3.66,1.1,304.6,12890
Marcus Stroman,Blue Jays,12,9,0,0,3.72,31,31,191,191,79,18,160,55,1.29,7.57,2.59,3.66,4.1,140.9,13431
Dan Otero,Indians,2,1,0,6,3.57,0,35,35,36,14,3,24,7,1.24,6.14,1.78,3.67,0.1,999,7385
Chaz Roe,Rays,2,2,0,8,3.6,0,40,40,35,16,4,44,17,1.29,9.87,3.76,3.67,0.3,699.2,9866
Kyle Barraclough,Marlins,4,3,6,15,3.51,0,65,65,51,25,5,79,40,1.41,10.96,5.56,3.68,0.8,327.2,13713
Pat Neshek,Phillies,4,3,2,16,3.69,0,55,55,49,23,8,58,11,1.11,9.57,1.88,3.68,0.8,494.3,4682
Jeff Samardzija,Giants,13,11,0,0,3.81,32,32,205,198,87,26,187,43,1.18,8.22,1.89,3.69,3.6,133.6,3254
James Pazos,Mariners,3,2,0,11,3.57,0,45,45,38,18,5,52,21,1.31,10.3,4.14,3.7,0.3,664.2,13323
Cam Bedrosian,Angels,6,5,20,11,3.7,0,65,65,58,27,8,72,25,1.28,9.95,3.53,3.7,0.9,308.5,13360
Brad Brach,Orioles,5,3,21,6,3.68,0,65,65,56,27,8,71,26,1.26,9.86,3.59,3.7,1.2,206.4,6627
Mychal Givens,Orioles,4,3,3,15,3.58,0,65,65,54,26,7,76,26,1.24,10.49,3.64,3.71,0.9,387.1,10430
Adam Liberatore,Dodgers,1,1,0,1,3.55,0,20,20,17,8,2,22,7,1.23,9.87,3.29,3.71,0,999,10637
Derek Law,Giants,2,2,0,6,3.75,0,35,35,34,15,3,31,13,1.33,7.95,3.3,3.72,0.1,706.4,13133
Bryan Shaw,Rockies,5,3,1,20,3.75,0,65,65,61,27,7,63,23,1.3,8.75,3.22,3.72,1,592.8,8110
D.J. Snelten,Giants,1,1,0,1,3.49,0,10,10,10,4,1,8,4,1.36,7.61,3.64,3.72,0,999,sa549813
Alex Wood,Dodgers,10,7,0,0,3.56,23,23,131,123,52,15,125,38,1.22,8.55,2.59,3.72,2.5,114.7,13781
Hunter Strickland,Giants,3,3,2,13,3.57,0,55,55,50,22,5,52,20,1.28,8.58,3.29,3.72,0.4,633.5,7836
Zach McAllister,Indians,2,2,0,9,3.58,0,40,40,36,16,5,43,14,1.27,9.61,3.23,3.73,0.3,674.7,2895
David Phelps,Mariners,3,3,1,13,3.68,0,55,55,50,22,6,56,21,1.29,9.19,3.41,3.73,0.5,671.4,6316
Madison Bumgarner,Giants,13,11,0,0,3.6,32,32,209,193,83,28,205,47,1.15,8.86,2.01,3.74,3.5,26.5,5524
Boone Logan,Brewers,2,2,0,9,3.64,0,40,40,33,16,5,52,18,1.29,11.67,4.09,3.74,0.3,999,5525
Darren O'Day,Orioles,4,3,10,8,3.59,0,65,65,54,26,8,77,24,1.2,10.73,3.29,3.75,1,562.4,3321
Cory Mazzoni,Cubs,0,0,0,1,3.86,0,10,10,9,4,1,10,3,1.26,9.44,2.84,3.75,0,999,12537
Kelvin Herrera,Royals,4,3,28,5,3.84,0,65,65,61,28,7,66,23,1.29,9.17,3.12,3.75,0.9,198.4,6033
Wilmer Font,Dodgers,6,4,0,3,3.72,10,40,86,77,36,12,98,25,1.18,10.17,2.59,3.75,1.1,642.7,5257
Phil Maton,Padres,3,3,2,13,3.72,0,55,55,49,23,7,62,18,1.23,10.17,3.02,3.76,0.5,645.3,18064
Rich Hill,Dodgers,12,8,0,0,3.56,24,24,141,117,56,17,162,53,1.2,10.36,3.4,3.77,2.6,125.6,4806
Carson Smith,Red Sox,4,3,3,16,3.73,0,65,65,61,27,5,62,27,1.36,8.55,3.79,3.77,0.8,584.2,13172
Giovanny Gallegos,Yankees,2,1,0,1,3.78,0,25,25,22,11,4,31,8,1.18,11,2.81,3.78,0.1,999,14986
Matt Bush,Rangers,4,3,5,14,3.82,0,55,55,51,23,7,57,18,1.26,9.32,3.01,3.78,0.7,454.6,1246
Nick Burdi,Pirates,1,1,0,1,3.9,0,10,10,9,4,1,11,5,1.38,9.62,4.26,3.78,0,999,sa599297
Tyler Lyons,Cardinals,3,2,6,15,3.68,0,55,55,50,22,7,59,16,1.19,9.65,2.56,3.78,0.6,420.1,11334
Luke Weaver,Cardinals,11,8,0,0,3.79,26,26,147,142,62,18,140,40,1.24,8.56,2.46,3.79,2.7,111.8,16918
Ryan Pressly,Twins,3,2,0,10,3.89,0,45,45,42,19,5,44,16,1.29,8.72,3.23,3.79,0.3,649.8,7005
Luiz Gohara,Braves,8,7,0,0,3.77,23,23,131,118,55,13,137,55,1.33,9.44,3.8,3.79,2.4,285.5,15166
Alex Colome,Rays,3,3,30,6,3.62,0,65,65,61,26,7,62,21,1.25,8.56,2.86,3.79,0.8,127.6,6661
Tony Watson,Giants,4,3,2,17,3.5,0,55,55,51,21,6,49,17,1.24,8.02,2.8,3.79,0.4,581.8,3132
Samuel Tuivailala,Cardinals,2,1,0,6,3.72,0,35,35,31,14,4,38,16,1.33,9.86,3.99,3.8,0.1,641.9,13485
Carter Capps,Padres,1,1,0,1,3.77,0,25,25,23,10,3,26,10,1.31,9.34,3.66,3.8,0,629.3,12803
Steve Cishek,Cubs,5,3,4,16,3.63,0,65,65,58,26,7,67,26,1.29,9.29,3.61,3.8,0.8,513.2,6483
Aaron Loup,Blue Jays,2,2,0,10,3.63,0,45,45,41,18,4,46,19,1.32,9.12,3.73,3.8,0.3,999,10343
Enny Romero,Nationals,2,2,0,9,3.84,0,40,40,35,17,5,45,18,1.32,10.19,4,3.81,0.2,686,4001
Jon Lester,Cubs,14,9,0,0,3.73,32,32,194,181,80,24,189,57,1.23,8.77,2.66,3.81,3.7,117.2,4930
Juan Nicasio,Mariners,4,3,4,15,3.86,0,65,65,60,28,8,70,23,1.28,9.63,3.25,3.81,0.8,435.2,7731
Charlie Morton,Astros,10,7,0,0,3.81,23,23,128,118,54,14,129,45,1.28,9.13,3.21,3.82,2.4,169.6,4676
Koda Glover,Nationals,2,2,1,11,3.9,0,45,45,43,20,6,46,13,1.25,9.18,2.69,3.82,0.3,643.8,17695
Matt Bowman,Cardinals,3,2,0,9,3.81,0,40,40,40,17,3,31,13,1.34,6.99,3.01,3.83,0.2,999,13528
Luis Garcia,Phillies,3,3,1,13,3.82,0,55,55,52,23,5,52,26,1.43,8.52,4.33,3.84,0.5,646.8,6984
Edubray Ramos,Phillies,3,2,0,8,3.9,0,40,40,36,17,5,44,15,1.27,9.98,3.31,3.84,0.3,681.1,16086
Oliver Drake,Brewers,2,1,0,1,3.94,0,25,25,22,11,3,28,12,1.36,10.26,4.21,3.84,0.1,999,8823
Brad Ziegler,Marlins,3,3,30,5,3.61,0,65,65,66,26,4,43,24,1.38,5.99,3.26,3.84,0.7,332.7,7293
Josh Smoker,Pirates,2,2,0,9,3.86,0,40,40,37,17,5,44,16,1.34,9.86,3.63,3.85,0.2,999,10285
Brian Duensing,Cubs,1,1,0,6,3.7,0,35,35,33,14,4,32,12,1.29,8.26,3.1,3.85,0.1,999,4064
Jose Alvarez,Angels,2,2,1,10,3.71,0,45,45,43,19,5,41,15,1.29,8.22,3.07,3.85,0.3,999,5358
Jake Diekman,Rangers,3,2,1,10,3.86,0,45,45,39,19,4,50,24,1.4,10.01,4.84,3.86,0.3,601.9,5003
Jon Gray,Rockies,13,9,0,0,4.11,32,32,190,185,87,24,197,64,1.31,9.33,3.02,3.86,4,164.6,14916
Nick Rumbelow,Mariners,2,2,0,3,3.79,0,30,30,27,13,4,31,11,1.28,9.29,3.31,3.87,0.1,999,14867
Jim Johnson,Angels,3,3,2,13,3.85,0,55,55,53,24,6,50,20,1.33,8.21,3.24,3.87,0.4,550.9,3656
Bryan Mitchell,Padres,6,6,0,0,3.93,19,19,111,109,48,10,94,43,1.37,7.64,3.45,3.87,1.9,484.4,11479
Masahiro Tanaka,Yankees,13,9,0,0,3.82,29,29,178,169,76,27,174,37,1.16,8.77,1.89,3.88,3.6,98.3,15764
Dan Jennings,Rays,3,3,5,14,3.62,0,65,65,62,26,5,54,29,1.4,7.48,4.03,3.88,0.7,643.5,8073
Jonathan Holder,Yankees,0,0,0,1,3.83,0,10,10,9,4,1,10,3,1.22,9.39,2.58,3.88,0,999,16588
Jake Petricka,Blue Jays,0,0,0,1,3.91,0,10,10,10,4,1,8,4,1.37,7.24,3.2,3.88,0,999,10534
Blake Snell,Rays,10,9,0,0,3.75,29,29,167,148,70,18,176,76,1.34,9.49,4.08,3.88,2.9,204.6,13543
Addison Reed,Twins,3,2,7,12,3.91,0,65,65,63,28,9,63,16,1.23,8.76,2.28,3.89,0.8,273.3,10586
Gerrit Cole,Astros,12,9,0,0,3.99,29,29,177,172,78,23,168,48,1.24,8.55,2.43,3.89,3.2,80,13125
Alex Reyes,Cardinals,6,5,0,1,3.81,16,26,104,89,44,11,119,54,1.37,10.31,4.64,3.89,1.6,264.1,15015
Edward Paredes,Dodgers,1,1,0,1,3.67,0,25,25,21,10,3,29,12,1.31,10.52,4.19,3.89,0,999,4168
Kenta Maeda,Dodgers,9,7,0,0,3.84,23,23,129,120,55,18,126,34,1.2,8.83,2.38,3.9,2.2,198.4,18498
Tyler Duffey,Twins,2,1,0,3,4.03,0,30,30,30,13,4,27,8,1.26,8.25,2.33,3.9,0.1,689.9,13758
A.J. Ramos,Mets,3,2,4,15,3.72,0,55,55,45,23,6,65,30,1.37,10.66,4.94,3.91,0.5,354.8,8350
Jimmy Nelson,Brewers,6,5,0,0,3.98,16,16,95,91,42,11,95,33,1.3,9,3.1,3.91,1.8,321.8,10547
Garrett Richards,Angels,11,9,0,0,3.82,26,26,160,148,68,17,147,58,1.29,8.29,3.29,3.91,2.7,169,9784
Michael Wacha,Cardinals,11,9,0,0,4,29,29,165,163,73,19,152,54,1.31,8.27,2.95,3.91,2.8,225.7,14078
Rex Brothers,Braves,2,2,0,3,3.95,0,30,30,24,13,3,39,20,1.46,11.67,5.97,3.92,0.1,725.5,9794
Sam Dyson,Giants,5,4,4,19,3.86,0,65,65,65,28,5,51,26,1.4,7.03,3.6,3.92,0.4,485.2,11710
Chris Rusin,Rockies,4,2,0,16,3.89,0,70,70,72,30,8,59,20,1.31,7.62,2.54,3.93,0.5,644.4,9895
Randall Delgado,Diamondbacks,2,2,0,10,3.97,0,45,45,43,20,5,44,17,1.33,8.88,3.41,3.93,0.2,999,5985
Luis Castillo,Reds,9,8,0,0,3.85,24,24,142,133,61,18,137,42,1.23,8.69,2.65,3.93,2.6,94.9,15689
Diego Castillo,Rays,1,1,0,1,3.8,0,10,10,9,4,1,10,4,1.29,8.84,3.3,3.93,0,722.1,sa822882
Shane Greene,Tigers,4,3,25,6,3.85,0,65,65,60,28,7,66,27,1.33,9.19,3.67,3.94,0.8,230.4,10756
Johnny Cueto,Giants,11,10,0,0,3.77,29,29,180,173,75,21,156,50,1.24,7.79,2.52,3.94,2.6,151.8,6893
Heath Hembree,Red Sox,2,2,1,11,3.92,0,45,45,42,20,6,47,15,1.28,9.37,3.03,3.94,0.2,999,11632
Kyle Hendricks,Cubs,11,8,0,0,3.77,29,29,169,164,71,20,144,45,1.24,7.71,2.41,3.94,2.9,115.7,12049
Jake McGee,Rockies,3,2,2,17,4.01,0,65,65,62,29,8,65,22,1.29,9.03,2.98,3.94,0.9,536.6,7550
Matt Barnes,Red Sox,3,2,1,14,3.89,0,55,55,50,24,7,59,24,1.34,9.72,3.89,3.95,0.4,621.8,12863
David Hernandez,Reds,3,3,6,13,3.96,0,65,65,61,29,9,69,22,1.27,9.58,3.04,3.95,0.7,661.9,4259
Andrew Kittredge,Rays,3,2,3,15,3.78,0,55,55,51,23,7,53,19,1.27,8.7,3.05,3.95,0.4,647,12828
Brandon Kintzler,Nationals,3,2,2,18,3.85,0,55,55,59,24,5,36,14,1.33,5.91,2.34,3.96,0.4,485.4,9939
Steven Matz,Mets,8,7,0,0,3.93,21,21,121,120,53,14,110,38,1.32,8.18,2.87,3.96,2,331.4,13361
Joe Musgrove,Pirates,10,10,0,0,4.06,28,28,159,163,72,21,141,37,1.26,7.99,2.12,3.96,2.6,339.9,12970
Peter Moylan,Braves,2,2,1,13,3.87,0,55,55,54,24,5,45,22,1.38,7.4,3.61,3.96,0.4,999,4891
Josh Hader,Brewers,3,3,4,15,3.76,0,65,65,51,27,9,90,34,1.3,12.43,4.72,3.96,0.8,304.6,14212
Nick Vincent,Mariners,4,3,1,19,3.99,0,65,65,63,29,8,59,18,1.26,8.1,2.52,3.96,0.5,676.9,7555
Dillon Maples,Cubs,2,2,0,3,3.8,0,30,30,24,13,2,39,22,1.52,11.61,6.52,3.97,0.1,999,14672
Zack Godley,Diamondbacks,9,8,0,0,4,24,24,141,133,63,16,143,57,1.35,9.12,3.61,3.97,2.5,122.7,14862
Collin McHugh,Astros,5,4,0,5,3.97,6,41,72,71,32,9,66,20,1.26,8.23,2.49,3.97,0.7,362.9,7531
Marc Rzepczynski,Mariners,2,2,0,8,3.67,0,40,40,37,16,3,38,21,1.46,8.44,4.77,3.97,0.2,999,6612
Matt Albers,Brewers,4,3,2,16,3.86,0,55,55,52,24,7,52,18,1.28,8.5,2.97,3.97,0.5,611,4300
Kevin Shackelford,Reds,2,2,0,8,3.96,0,40,40,37,18,4,41,18,1.38,9.31,4.01,3.97,0.2,692.4,11012
Tyler Glasnow,Pirates,5,5,0,0,4.05,13,13,75,65,34,9,90,40,1.4,10.73,4.83,3.98,1.2,374.2,14374
Ross Stripling,Dodgers,3,3,1,15,3.94,0,55,55,53,24,7,51,16,1.27,8.27,2.68,3.98,0.3,635.2,13273
Adam Warren,Yankees,2,2,0,9,3.93,0,40,40,37,17,5,37,14,1.27,8.39,3.11,3.98,0.2,645,9029
Alec Mills,Cubs,1,1,0,1,3.93,0,25,25,25,11,3,21,7,1.28,7.74,2.56,3.98,0,999,13834
Cory Gearrin,Giants,2,2,1,11,3.77,0,45,45,41,19,4,43,20,1.36,8.6,3.98,3.98,0.1,661.2,7947
Jimmie Sherfy,Diamondbacks,1,1,0,1,3.89,0,25,25,22,11,4,30,10,1.28,10.85,3.74,3.98,0,559.9,15118
Nick Wittgren,Marlins,1,1,0,1,4.02,0,25,25,25,11,3,23,7,1.26,8.26,2.49,3.99,0,999,15594
John Curtiss,Twins,0,0,0,1,3.91,0,10,10,9,4,1,11,5,1.35,9.9,4.29,3.99,0,999,16128
Daniel Winkler,Braves,2,2,0,8,3.94,0,40,40,37,18,5,43,15,1.31,9.73,3.43,3.99,0.2,638.6,12237
Blaine Hardy,Tigers,1,1,0,1,3.97,0,20,20,20,9,2,17,7,1.33,7.44,3.03,4,0,999,6499
Trevor Bauer,Indians,12,9,0,0,4.04,29,29,170,159,76,22,173,62,1.3,9.15,3.28,4,2.9,137.9,12703
Jake Arrieta,Phillies,13,10,0,0,3.9,31,31,179,166,78,23,173,60,1.26,8.7,3.03,4.01,3.2,102.1,4153
Trevor Gott,Nationals,1,1,0,1,4.02,0,25,25,25,11,2,20,10,1.42,7.26,3.75,4.01,0,999,15046
Dinelson Lamet,Padres,9,9,0,0,4,24,24,140,120,62,17,162,66,1.32,10.41,4.21,4.01,2.2,205,17186
Taylor Rogers,Twins,3,3,1,12,3.98,0,55,55,55,24,6,47,18,1.32,7.74,2.96,4.01,0.4,618,13449
Daniel Coulombe,Athletics,1,1,0,1,3.9,0,25,25,24,11,2,23,11,1.39,8.38,4.06,4.01,0,999,13293
Jeremy Jeffress,Brewers,3,3,2,13,3.88,0,55,55,55,24,5,47,23,1.42,7.62,3.76,4.01,0.4,636.9,9490
Brandon Maurer,Royals,4,4,6,12,4.17,0,65,65,64,30,8,58,21,1.31,8.04,2.9,4.01,0.5,533.6,4878
Ryan Sherriff,Cardinals,1,1,0,1,3.91,0,20,20,20,9,2,17,7,1.37,7.56,3.35,4.01,0,999,12249
Yusmeiro Petit,Athletics,3,3,2,18,4.14,0,65,65,63,30,10,65,16,1.21,9.02,2.22,4.02,0.5,477.3,4020
Josh Lucas,Cardinals,1,1,0,1,3.89,0,15,15,15,6,2,14,5,1.3,8.38,3.01,4.02,0,999,11686
Seung Hwan Oh,Blue Jays,3,3,4,11,4.01,0,55,55,52,24,8,56,15,1.22,9.11,2.47,4.02,0.4,475,18719
George Kontos,Pirates,4,3,5,14,4.06,0,65,65,64,29,8,57,21,1.31,7.86,2.87,4.03,0.5,676.2,9486
Paul Sewald,Mets,2,2,1,11,4.1,0,45,45,41,21,7,48,15,1.26,9.68,3.08,4.04,0.2,999,13892
Gio Gonzalez,Nationals,12,10,0,0,4.07,31,31,180,175,81,20,165,68,1.36,8.24,3.43,4.05,2.8,154.5,7448
Matt Grace,Nationals,1,1,0,3,4.02,0,30,30,31,13,3,22,11,1.41,6.63,3.34,4.05,0.1,999,11449
Craig Stammen,Padres,3,3,3,17,4.02,0,65,65,64,29,8,58,23,1.33,8.05,3.15,4.06,0.4,687.2,7274
Nick Goody,Indians,2,2,3,16,3.92,0,55,55,46,24,9,70,21,1.23,11.4,3.46,4.06,0.4,615.4,13685
Brad Wieck,Padres,0,0,0,0,3.92,0,5,5,4,2,1,6,3,1.43,10.96,5.34,4.06,0,999,sa659424
Luis Avilan,White Sox,3,3,3,14,3.95,0,55,55,51,24,6,55,26,1.39,9.04,4.25,4.07,0.5,999,2882
Drew Pomeranz,Red Sox,12,8,0,0,3.94,28,28,157,145,68,20,155,60,1.31,8.92,3.44,4.07,2.4,189.3,11426
Sonny Gray,Yankees,13,10,0,0,4.03,31,31,185,177,83,24,168,62,1.29,8.15,2.99,4.07,3.3,141.9,12768
Brad Peacock,Astros,6,5,0,9,4.09,10,50,96,86,44,13,106,41,1.31,9.89,3.81,4.07,1,258.9,5401
Pedro Baez,Dodgers,3,2,0,12,3.89,0,45,45,40,19,6,47,16,1.26,9.48,3.28,4.08,0.2,646.7,5420
Julio Urias,Dodgers,2,2,0,0,3.85,6,6,38,35,16,4,34,16,1.35,8.21,3.78,4.08,0.6,618.5,14765
Edgar Santana,Pirates,1,1,0,1,4.14,0,25,25,25,11,3,22,9,1.35,7.95,3.13,4.08,0,999,17355
Frankie Montas,Athletics,1,1,0,0,4.01,3,3,19,17,8,2,21,8,1.34,10.11,4.02,4.08,0.3,669.6,14309
Scott Oberg,Rockies,1,1,0,4,4.22,0,25,25,25,12,3,23,11,1.41,8.42,3.84,4.09,0.1,999,13911
Jamie Callahan,Mets,1,1,0,1,4.12,0,10,10,9,5,1,10,5,1.41,9.11,4.45,4.09,0,999,14711
Buddy Baumann,Padres,2,2,0,7,3.96,0,35,35,32,15,4,36,14,1.31,9.19,3.68,4.1,0.1,999,9309
Dayan Diaz,Angels,1,0,0,1,4,0,10,10,9,4,1,10,4,1.35,8.59,3.73,4.1,0,999,11543
Dario Alvarez,Cubs,1,0,0,1,3.89,0,10,10,8,4,1,13,5,1.35,11.31,4.54,4.1,0,999,14239
Austin Pruitt,Rays,1,1,0,1,4.12,0,20,20,21,9,3,17,4,1.25,7.67,1.99,4.11,0,686.3,15290
J.A. Happ,Blue Jays,12,10,0,0,4.09,31,31,179,175,81,24,159,56,1.29,8,2.82,4.11,2.9,252.2,7410
Sam Freeman,Braves,2,2,0,10,4.01,0,45,45,42,20,4,45,24,1.46,9,4.81,4.11,0.2,999,6832
Carlos Estevez,Rockies,2,1,0,1,4.12,0,20,20,19,9,2,20,8,1.38,9,3.8,4.11,0,999,14542
Jose Alvarado,Rays,2,2,0,3,3.85,0,30,30,25,13,2,34,20,1.5,10.16,6.07,4.11,0.1,624.5,17780
Matt Belisle,Indians,2,2,1,14,4.02,0,55,55,55,25,6,45,18,1.34,7.32,2.99,4.11,0.3,616.9,1837
Blake Wood,Angels,2,2,0,8,4.16,0,40,40,39,19,4,37,18,1.41,8.36,3.96,4.12,0.1,657,1345
Bud Norris,Cardinals,3,3,3,13,4.17,0,55,55,52,26,7,57,21,1.33,9.26,3.42,4.12,0.3,518.6,9492
Danny Duffy,Royals,11,10,0,0,4.04,29,29,175,169,78,23,155,52,1.26,7.99,2.65,4.12,2.5,190,3542
Michael Fulmer,Tigers,12,11,0,0,4.13,29,29,184,186,84,22,146,50,1.28,7.15,2.45,4.12,3,194,13218
Shawn Kelley,Nationals,2,2,0,6,4.13,0,35,35,32,16,6,39,12,1.26,10.13,3.08,4.12,0,999,7773
Ryan Tepera,Blue Jays,4,3,2,15,3.95,0,65,65,58,29,8,67,26,1.3,9.32,3.62,4.12,0.6,609.3,10291
Tony Barnette,Rangers,2,1,0,5,4.2,0,35,35,35,16,4,33,13,1.37,8.44,3.37,4.13,0.1,999,3555
Tyler Thornburg,Red Sox,2,2,0,6,4.11,0,35,35,31,16,4,36,17,1.37,9.21,4.25,4.13,0,642.1,10688
Shae Simmons,Cubs,0,0,0,0,4.02,0,5,5,4,2,0,5,3,1.45,9.27,5.04,4.13,0,710.3,14200
J.T. Chargois,Dodgers,0,0,0,1,3.92,0,10,10,9,4,1,10,5,1.41,8.73,4.38,4.13,0,999,13767
Matt Andriese,Rays,7,8,0,1,4.14,18,43,128,129,59,19,113,32,1.25,7.94,2.24,4.13,1.5,502,12022
Chasen Shreve,Yankees,2,2,0,6,3.97,0,35,35,30,15,5,43,16,1.32,10.97,4.24,4.14,0.1,999,10855
Chase Bradford,Mariners,1,1,0,1,4.08,0,20,20,21,9,2,14,5,1.33,6.35,2.4,4.14,0,999,12452
Jack Leathersich,Pirates,1,1,0,1,3.95,0,15,15,12,7,2,20,10,1.48,11.79,5.98,4.14,0,999,12562
Brian Flynn,Royals,2,2,0,8,4,0,40,40,39,18,4,34,15,1.35,7.6,3.32,4.14,0.1,999,12027
Xavier Cedeno,White Sox,1,1,0,1,4.1,0,15,15,14,7,2,14,6,1.36,8.57,3.54,4.15,0,999,36
Daniel Hudson,Rays,3,3,1,10,4.13,0,45,45,42,21,5,45,20,1.37,8.94,3.92,4.15,0.1,637.9,7146
Jacob Rhame,Mets,0,0,0,1,4.12,0,10,10,9,5,1,11,4,1.29,9.99,3.47,4.15,0,999,15267
Nathan Eovaldi,Rays,7,8,0,0,4.17,21,21,121,124,56,15,96,38,1.34,7.16,2.85,4.15,1.7,508.1,9132
Trevor May,Twins,2,2,0,0,4.31,6,6,37,36,18,5,37,14,1.35,8.96,3.35,4.15,0.6,679.9,6398
Gabriel Moya,Twins,1,1,0,1,4.06,0,25,25,23,11,3,26,10,1.33,9.53,3.78,4.15,0,718.8,16348
A.J. Schugel,Pirates,3,3,2,13,4.12,0,55,55,56,25,6,47,20,1.38,7.62,3.32,4.16,0.2,999,11432
Joe Jimenez,Tigers,2,2,1,9,4.09,0,45,45,40,20,6,48,20,1.34,9.56,4.02,4.16,0.2,553.8,15761
Carlos Rodon,White Sox,6,5,0,0,4.14,16,16,93,88,43,12,95,39,1.36,9.15,3.75,4.16,1.5,374.3,16137
Zach Duke,Twins,2,1,0,8,3.88,0,40,40,38,17,4,37,17,1.38,8.22,3.89,4.16,0.2,999,3840
Miles Mikolas,Cardinals,7,7,0,0,4.15,21,21,120,121,55,17,107,33,1.29,8.01,2.47,4.16,1.7,293.8,9803
Colten Brewer,Padres,0,0,0,1,4.1,0,10,10,10,5,1,9,4,1.37,8.04,3.57,4.16,0,999,sa597829
Junichi Tazawa,Marlins,3,3,1,13,4.23,0,55,55,55,26,7,48,18,1.33,7.82,2.91,4.16,0.2,999,4079
Reyes Moronta,Giants,0,0,0,1,4.09,0,10,10,9,5,1,12,6,1.42,10.63,5.05,4.16,0,999,14966
Luke Bard,Angels,2,2,0,5,3.94,0,35,35,32,15,4,34,16,1.36,8.82,4.05,4.17,0,999,sa501941
Eduardo Rodriguez,Red Sox,4,3,0,0,4.16,11,11,65,61,30,9,66,23,1.29,9.12,3.14,4.17,0.9,322.8,13164
Jason Hursh,Braves,1,1,0,1,4.18,0,25,25,26,12,2,20,11,1.45,7.07,3.83,4.17,0,999,14914
Adam Wainwright,Cardinals,9,9,0,0,4.27,24,24,142,149,67,16,108,44,1.37,6.83,2.82,4.17,2,434.6,2233
Tyler Webb,Brewers,1,1,0,1,4.12,0,20,20,19,9,3,22,7,1.3,9.95,3.33,4.17,0,999,14974
Francis Martes,Astros,1,1,0,1,4.14,0,20,20,18,9,2,22,11,1.42,10,4.85,4.17,0,618.5,17303
Tyler Skaggs,Angels,8,6,0,0,4.1,23,23,130,128,59,16,114,44,1.32,7.88,3.07,4.17,1.8,377.5,10190
Ivan Nova,Pirates,10,11,0,0,4.26,28,28,165,180,78,21,121,36,1.31,6.61,1.97,4.17,2.3,348.7,1994
Ben Heller,Yankees,1,1,0,0,4.04,0,10,10,9,4,1,12,5,1.33,10.87,4.29,4.17,0,999,15100
Kyle McGrath,Padres,1,1,0,1,4.06,0,20,20,19,9,3,19,5,1.24,8.61,2.43,4.18,0,999,16793
Sergio Romo,Rays,2,3,1,13,4.04,0,55,55,51,25,9,56,17,1.22,9.16,2.7,4.18,0.2,659,9817
David Paulino,Astros,0,0,0,1,4.1,0,10,10,9,5,2,10,3,1.27,9.37,2.97,4.19,0,607.5,17418
Jandel Gustave,Astros,1,0,0,1,4.14,0,10,10,10,5,1,9,5,1.45,7.98,4.47,4.19,0,999,14665
Patrick Corbin,Diamondbacks,10,8,0,0,4.22,24,24,140,145,66,18,122,47,1.37,7.86,3.02,4.19,2.1,231.2,9323
Ryan Dull,Athletics,1,1,0,1,4.25,0,10,10,9,5,1,10,3,1.27,9.05,2.99,4.2,0,706.7,13974
Clayton Richard,Padres,10,12,0,0,4.2,31,31,185,203,86,20,133,58,1.41,6.49,2.82,4.2,2.5,486.1,3551
Rick Porcello,Red Sox,13,10,0,0,4.27,29,29,183,194,87,28,155,40,1.28,7.64,1.96,4.2,2.5,237.3,2717
Hyun-Jin Ryu,Dodgers,8,7,0,0,4.05,23,23,132,133,59,18,115,39,1.31,7.89,2.68,4.21,1.7,339.7,14444
Hector Neris,Phillies,3,3,31,3,4.06,0,65,65,58,29,10,74,25,1.28,10.23,3.51,4.21,0.6,142.8,11804
Zack Weiss,Reds,0,0,0,0,4.04,0,5,5,5,2,1,5,2,1.31,9.89,3.6,4.21,0,999,sa548466
Jose Berrios,Twins,12,10,0,0,4.24,29,29,169,162,80,23,163,59,1.3,8.69,3.14,4.21,2.6,105.1,14168
Walker Lockett,Padres,1,1,0,1,4.16,0,10,10,11,5,1,7,3,1.31,6.41,2.25,4.21,0,999,sa657984
Fernando Salas,Diamondbacks,2,2,1,11,4.34,0,45,45,45,22,7,42,15,1.33,8.45,2.91,4.22,0.2,999,4971
Dovydas Neverauskas,Pirates,2,2,1,10,4.28,0,45,45,45,21,5,39,21,1.46,7.83,4.13,4.22,0.1,999,11604
Trevor Oaks,Royals,5,5,0,0,4.22,15,15,84,92,39,10,55,19,1.32,5.88,2.03,4.22,1.1,724.9,sa829144
Sean Manaea,Athletics,10,10,0,0,4.34,28,28,160,161,77,21,138,53,1.34,7.74,2.96,4.23,2.2,247.5,15873
Ryne Stanek,Rays,1,1,0,5,4.02,0,35,35,31,16,5,40,17,1.37,10.23,4.48,4.23,0,685.8,15947
Mike Minor,Rangers,9,7,0,0,4.18,21,21,121,113,56,18,126,46,1.32,9.4,3.45,4.24,1.9,315.5,10021
John Brebbia,Cardinals,1,1,0,1,4.1,0,25,25,24,11,4,24,7,1.25,8.69,2.58,4.24,0,665,12777
Hunter Harvey,,1,0,0,0,4.32,2,2,9,8,5,1,11,5,1.38,10.26,4.86,4.24,0.1,704.1,sa737510
Drew Smyly,Cubs,1,0,0,1,4.13,0,10,10,9,5,2,10,3,1.23,9.22,2.68,4.24,0,999,11760
Rowan Wick,Padres,0,0,0,0,4.24,0,5,5,5,2,0,5,3,1.49,8.66,5.15,4.25,0,999,sa549441
Jordan Lyles,Padres,1,2,0,4,4.4,0,30,30,31,15,3,24,11,1.39,7.35,3.22,4.26,0,707,7593
Fernando Rodney,Twins,5,4,28,5,4.18,0,65,65,59,30,8,67,31,1.4,9.34,4.36,4.27,0.5,229.1,494
Zac Rosscup,,1,1,0,3,4.23,0,25,25,22,12,4,30,11,1.34,10.75,4.02,4.27,0.1,999,9419
Zac Rosscup,,1,1,0,3,4.23,0,25,25,22,12,4,30,11,1.34,10.75,4.02,4.27,0,999,9419
Jose Torres,Padres,0,0,0,0,4.16,0,5,5,5,2,1,5,2,1.32,8.76,3.24,4.27,0,694,14957
Aaron Sanchez,Blue Jays,8,7,0,0,4.15,24,24,140,139,65,15,111,58,1.4,7.16,3.71,4.27,2,203.4,11490
Mike Leake,Mariners,11,11,0,0,4.39,31,31,184,204,90,25,125,38,1.32,6.14,1.88,4.27,2.4,328.5,10130
Buddy Boshers,Astros,0,0,0,0,4.26,0,5,5,5,2,1,5,2,1.4,8.23,3.87,4.27,0,999,8490
Al Alburquerque,Blue Jays,0,0,0,0,4.16,0,5,5,5,2,1,5,2,1.39,8.56,4.03,4.27,0,696.3,6324
Nick Gardewine,Rangers,1,1,0,1,4.29,0,20,20,20,10,2,19,9,1.4,8.36,3.84,4.27,0,999,16513
Jake Faria,Rays,8,8,0,0,4.09,24,24,142,127,65,20,149,61,1.32,9.42,3.84,4.27,1.8,233.6,13699
Tyler Olson,Indians,2,2,1,10,4.1,0,45,45,43,21,6,43,17,1.33,8.6,3.4,4.28,0.1,999,14741
Wandy Peralta,Reds,3,3,1,13,4.13,0,55,55,53,25,6,49,25,1.41,7.99,4.07,4.28,0.2,720.5,14295
Tanner Roark,Nationals,11,10,0,0,4.28,29,29,170,171,81,22,144,56,1.33,7.62,2.96,4.28,2.2,247,8753
Luke Hochevar,,2,2,0,0,4.28,0,40,40,37,19,6,41,15,1.31,9.3,3.4,4.28,0.1,999,6943
Brandon McCarthy,Braves,9,10,0,0,4.37,28,28,158,167,77,20,124,49,1.37,7.09,2.79,4.28,2,423.3,4662
Dan Altavilla,Mariners,2,2,0,5,4.16,0,35,35,32,16,5,37,15,1.35,9.39,3.99,4.29,0,999,16507
Joaquin Benoit,Nationals,3,3,1,15,4.21,0,55,55,52,26,7,51,23,1.37,8.37,3.78,4.29,0.1,999,1437
Emilio Pagan,Athletics,2,2,0,8,4.36,0,40,40,37,19,6,41,15,1.3,9.21,3.27,4.3,0.1,540.7,14771
Joey Lucchesi,Padres,5,5,0,0,4.2,13,13,75,74,35,10,67,25,1.32,8.12,2.96,4.3,0.9,999,sa917967
Justin Grimm,Royals,2,2,1,10,4.24,0,45,45,41,21,6,49,22,1.38,9.79,4.31,4.3,0.1,999,11720
Santiago Casilla,Athletics,3,3,0,10,4.26,0,45,45,43,21,6,43,16,1.33,8.62,3.3,4.3,0.1,639.6,2873
Wander Suero,Nationals,0,0,0,1,4.18,0,10,10,10,5,1,9,4,1.39,7.84,3.68,4.31,0,999,sa548041
Yimi Garcia,Dodgers,2,2,0,6,4.16,0,35,35,33,16,6,36,10,1.22,9.32,2.49,4.31,0,999,12095
Mike Montgomery,Cubs,6,4,1,15,4.03,5,65,88,84,40,9,75,37,1.37,7.63,3.8,4.31,0.5,395.9,4869
Tyler Chatwood,Cubs,11,9,0,0,4.16,24,24,139,133,64,14,117,64,1.42,7.56,4.16,4.31,1.8,260.4,4338
Danny Barnes,Blue Jays,2,2,1,16,4.31,0,55,55,52,26,10,59,17,1.25,9.63,2.77,4.31,0.3,999,11388
Noe Ramirez,Angels,1,1,0,1,4.1,0,15,15,14,7,2,15,6,1.33,8.81,3.67,4.31,0,999,12800
Chris Martin,Rangers,1,1,0,3,4.32,0,30,30,32,14,4,25,11,1.43,7.38,3.36,4.31,0.1,682,11847
Sean Newcomb,Braves,9,10,0,0,4.25,28,28,156,141,74,17,171,93,1.5,9.86,5.37,4.32,1.9,319.1,16943
Steven Okert,Giants,1,1,0,1,4.17,0,25,25,24,12,3,24,10,1.36,8.68,3.67,4.32,0,999,13580
Jack Flaherty,Cardinals,3,3,0,0,4.23,8,8,46,46,22,6,41,16,1.35,8.11,3.13,4.32,0.6,357.4,17479
Ryan Buchter,Athletics,2,1,0,5,4.13,0,35,35,31,16,5,37,17,1.35,9.42,4.25,4.32,0,668.5,9456
Chris Hatcher,Athletics,3,3,4,16,4.39,0,65,65,64,32,9,63,25,1.36,8.79,3.46,4.32,0.3,642.1,3299
Alex Wilson,Tigers,4,3,6,12,4.29,0,65,65,69,31,8,45,18,1.34,6.24,2.55,4.32,0.4,653.3,9239
Sammy Solis,Nationals,1,1,0,1,4.24,0,20,20,19,9,3,21,9,1.4,9.25,4.19,4.33,0,999,11457
Juan Minaya,White Sox,4,3,29,4,4.28,0,65,65,61,31,8,62,29,1.39,8.61,4.03,4.33,0.4,358.8,10341
Dillon Peters,Marlins,2,3,0,0,4.22,6,6,37,38,17,4,28,14,1.41,6.82,3.31,4.33,0.4,561.4,18790
Luis Perdomo,Padres,8,10,0,0,4.4,26,26,152,165,74,16,111,56,1.45,6.58,3.29,4.33,1.8,509.8,14682
Joe Ross,Nationals,1,1,0,0,4.37,2,2,9,10,5,1,8,3,1.32,7.7,2.55,4.33,0.1,613.2,12972
Wei-Yin Chen,Marlins,0,1,0,0,4.2,2,2,9,10,4,1,7,2,1.27,7.21,2.13,4.34,0.1,619.1,13071
Kevin Gausman,Orioles,11,10,0,0,4.38,31,31,177,179,86,27,165,58,1.34,8.4,2.93,4.34,2.6,199.1,14107
Matt Shoemaker,Angels,8,8,0,0,4.21,23,23,129,128,60,20,113,34,1.26,7.92,2.35,4.34,1.6,344,4776
Andrew Triggs,Athletics,6,7,0,0,4.52,23,23,132,140,66,16,98,41,1.38,6.73,2.81,4.34,1.6,490.1,13533
Michael Lorenzen,Reds,3,3,1,17,4.19,0,60,60,59,28,7,53,23,1.37,7.96,3.46,4.35,0.3,602.9,14843
John Gant,Cardinals,2,2,0,3,4.3,2,32,39,39,19,6,37,14,1.35,8.35,3.23,4.35,0.1,999,13684
Felix Hernandez,Mariners,10,10,0,0,4.3,28,28,159,158,76,22,137,54,1.33,7.77,3.05,4.36,1.9,283.6,4772
T.J. McFarland,Diamondbacks,1,1,0,1,4.4,0,20,20,23,10,2,12,7,1.48,5.59,3.16,4.36,0,999,3237
Brady Rodgers,Astros,1,1,0,1,4.46,0,10,10,11,5,2,8,2,1.3,7.11,2.09,4.36,0,999,13393
Zach Davies,Brewers,10,10,0,0,4.39,29,29,170,182,83,22,126,51,1.37,6.66,2.7,4.36,2.4,299,13183
Nathan Karns,Royals,6,6,0,0,4.45,18,18,102,98,50,15,102,40,1.35,8.97,3.53,4.37,1.2,456.9,12638
Nick Kingham,Pirates,2,3,0,1,4.48,5,15,38,41,19,5,29,11,1.36,6.77,2.61,4.37,0.3,694.9,sa548285
Keynan Middleton,Angels,3,2,2,15,4.14,0,55,55,51,25,8,56,22,1.33,9.21,3.61,4.37,0.1,607.8,15264
Donnie Hart,Orioles,2,2,1,9,4.25,0,45,45,47,21,5,34,15,1.37,6.89,2.99,4.37,0.2,999,15306
Seth Lugo,Mets,2,3,0,9,4.46,2,42,49,51,24,8,42,13,1.3,7.69,2.34,4.38,0.2,556.2,12447
Zack Wheeler,Mets,7,8,0,1,4.43,18,38,127,123,63,17,122,52,1.37,8.64,3.67,4.38,1.3,420.5,10310
Pierce Johnson,Giants,0,1,0,1,4.21,0,10,10,9,5,1,11,6,1.45,9.96,5.06,4.38,0,999,13435
Jared Hughes,Reds,3,3,1,11,4,0,50,50,50,22,5,38,19,1.39,6.89,3.47,4.38,0.1,694.5,9325
Joe Blanton,,3,3,0,0,4.34,0,55,55,55,26,8,50,18,1.32,8.19,2.9,4.38,0.2,999,4849
Gregory Infante,White Sox,2,2,0,8,4.23,0,40,40,37,19,5,38,20,1.44,8.54,4.55,4.39,0.1,642.1,9119
Austin Adams,Nationals,1,0,0,1,4.17,0,10,10,8,5,1,13,8,1.59,11.45,7.16,4.39,0,999,13801
Alex Cobb,Orioles,10,10,0,0,4.29,28,28,167,176,79,22,122,45,1.33,6.56,2.44,4.39,2.4,244.8,6562
Cole Hamels,Rangers,12,10,0,0,4.27,32,32,198,199,94,25,164,72,1.37,7.47,3.26,4.39,2.7,238,4972
Silvino Bracho,Diamondbacks,0,0,0,1,4.42,0,10,10,9,5,2,12,4,1.29,10.77,3.54,4.39,0,999,15051
Tyler Bashlor,Mets,1,2,0,1,4.37,0,25,25,22,12,3,29,16,1.5,10.5,5.66,4.4,0,999,sa737928
Austin Brice,Reds,2,1,0,5,4.28,0,35,35,34,17,5,31,14,1.35,8.03,3.48,4.4,0,999,17237
Brett Anderson,Athletics,4,4,0,0,4.52,10,10,56,64,28,6,35,19,1.47,5.57,2.96,4.4,0.7,670,8223
Rob Zastryzny,Cubs,1,0,0,1,4.23,0,10,10,10,5,1,9,4,1.4,7.81,3.58,4.4,0,999,15094
Vince Velasquez,Phillies,6,7,0,0,4.5,19,19,113,109,56,19,122,42,1.34,9.73,3.39,4.41,1.5,353.9,11189
Erick Fedde,Nationals,2,2,0,0,4.43,6,6,37,39,18,5,31,13,1.4,7.42,3.12,4.41,0.4,620.3,17425
Adam Ottavino,Rockies,3,2,1,14,4.52,0,55,55,51,28,8,63,29,1.45,10.26,4.74,4.41,0.3,660.3,1247
Steven Brault,Pirates,4,4,0,1,4.38,8,28,67,68,33,8,57,28,1.43,7.68,3.78,4.41,0.5,676.5,15291
Yoshihisa Hirano,,6,4,0,0,4.38,0,55,55,56,27,8,51,20,1.38,8.39,3.28,4.41,0.2,999,19756
John Axford,Blue Jays,2,2,0,8,4.4,0,40,40,38,20,4,38,21,1.48,8.63,4.81,4.42,0.1,999,9059
Daniel Stumpf,Tigers,2,2,2,11,4.33,0,55,55,54,26,8,50,22,1.38,8.23,3.52,4.42,0.2,999,13780
Roberto Gomez,Giants,1,1,0,1,4.37,0,15,15,15,7,2,13,6,1.43,7.54,3.84,4.42,0,999,12963
Shelby Miller,Diamondbacks,2,2,0,0,4.5,6,6,37,37,19,5,32,14,1.39,7.81,3.49,4.42,0.5,667,10197
Miguel Del Pozo,Marlins,1,1,0,1,4.22,0,10,10,10,5,1,8,5,1.48,7.61,4.46,4.42,0,999,sa597267
Brandon Workman,Red Sox,2,1,0,3,4.39,0,30,30,29,15,4,29,13,1.4,8.56,3.77,4.42,0,999,11428
Brian Ellington,Marlins,0,0,0,1,4.24,0,10,10,9,5,1,11,6,1.48,10.26,5.62,4.42,0,999,17233
Richard Bleier,Orioles,2,2,1,9,4.2,0,45,45,51,21,5,23,9,1.35,4.64,1.85,4.42,0.2,999,7803
Chih-Wei Hu,Rays,1,1,0,1,4.26,0,15,15,15,7,2,12,4,1.3,7.45,2.65,4.43,0,999,16419
Brandon Woodruff,Brewers,4,4,0,0,4.44,11,11,65,66,32,9,57,23,1.37,7.95,3.24,4.43,0.9,387.1,16162
Joe Biagini,Blue Jays,6,6,0,1,4.59,15,25,95,99,48,12,74,34,1.4,7.02,3.21,4.43,1.1,575.4,13194
Yonny Chirinos,Rays,6,7,0,1,4.34,16,26,104,110,50,16,75,21,1.26,6.5,1.82,4.43,1,642.2,sa735855
Taijuan Walker,Diamondbacks,11,10,0,0,4.4,32,32,185,184,90,27,169,63,1.33,8.21,3.05,4.43,2.3,204.3,11836
Tim Hill,Royals,0,0,0,1,4.26,0,10,10,10,5,1,8,4,1.44,7.43,3.96,4.44,0,999,sa829603
German Marquez,Rockies,9,7,0,0,4.55,24,24,139,146,70,22,123,40,1.34,7.96,2.57,4.44,2.1,336.1,15038
Jason Grilli,,4,4,0,0,4.39,0,55,55,50,27,9,63,25,1.36,10.24,4.03,4.44,0.1,999,521
Nik Turley,Pirates,1,1,0,1,4.49,0,10,10,9,5,1,11,5,1.4,9.99,4.31,4.44,0,999,5530
Chris O'Grady,Marlins,3,3,0,8,4.29,2,42,49,49,24,7,43,18,1.36,7.74,3.25,4.45,0.1,999,13818
Tyler Anderson,Rockies,10,7,0,0,4.43,24,24,141,145,69,21,125,47,1.37,7.97,3.02,4.45,2.1,418.9,12880
Nick Pivetta,Phillies,7,8,0,0,4.54,21,21,122,120,62,19,123,46,1.36,9.05,3.39,4.45,1.6,430.8,15454
Kyle Gibson,Twins,10,10,0,0,4.56,28,28,156,166,79,19,116,56,1.42,6.72,3.22,4.46,1.9,442.7,10123
Rafael Montero,Mets,2,2,0,4,4.56,2,32,39,39,20,5,39,19,1.46,8.9,4.36,4.47,0.1,640.3,12760
Sal Romano,Reds,7,8,0,0,4.44,21,21,120,125,59,16,98,43,1.4,7.36,3.24,4.47,1.5,625.3,13690
Jordan Montgomery,Yankees,10,9,0,0,4.42,28,28,156,154,77,24,144,55,1.34,8.26,3.18,4.47,2.1,242.3,16511
Thyago Vieira,White Sox,1,1,0,1,4.37,0,20,20,19,10,2,17,10,1.49,7.74,4.72,4.47,0,681.8,14510
Cody Anderson,Indians,1,1,0,1,4.39,2,12,19,20,9,3,15,6,1.32,7.12,2.58,4.47,0.1,750,12799
Max Povse,Mariners,1,1,0,1,4.43,0,10,10,10,5,1,8,3,1.35,7.23,2.74,4.47,0,999,16165
Akeel Morris,Braves,0,0,0,1,4.45,0,10,10,9,5,1,11,6,1.49,10.29,5.46,4.48,0,999,12185
Chandler Shepherd,Red Sox,1,0,0,1,4.39,0,10,10,10,5,2,9,4,1.36,8.32,3.17,4.48,0,592,sa602595
Scott Kazmir,Braves,4,4,0,0,4.56,11,11,64,65,32,9,55,23,1.4,7.76,3.31,4.48,0.7,647.2,4897
Caleb Smith,Marlins,3,3,0,3,4.33,3,33,49,46,23,7,47,22,1.38,8.68,4.01,4.48,0.2,999,14875
Trevor Williams,Pirates,6,8,0,0,4.59,21,21,120,131,61,15,90,41,1.43,6.69,3.08,4.49,1.2,443.4,16977
Lou Trivino,Athletics,1,1,0,1,4.43,0,10,10,10,5,1,8,5,1.48,6.98,4.31,4.49,0,999,sa737939
Ryan Yarbrough,Rays,2,2,0,0,4.34,6,6,37,38,18,5,30,11,1.32,7.34,2.71,4.49,0.4,685.3,sa738545
Josh Osich,Giants,2,2,0,9,4.45,0,40,40,38,20,5,37,21,1.48,8.39,4.64,4.49,-0.1,999,11528
Wily Peralta,Royals,3,3,3,14,4.56,0,55,55,59,28,7,43,20,1.43,7.07,3.25,4.49,0,654.7,7738
Kyle Zimmer,Royals,0,0,0,1,4.39,0,10,10,10,5,1,9,4,1.41,8.31,4.05,4.5,0,999,sa621583
Clay Holmes,Pirates,1,1,0,1,4.47,0,10,10,10,5,1,8,5,1.55,7.59,4.82,4.5,0,999,sa598167
Jake Barrett,Diamondbacks,0,0,0,1,4.51,0,10,10,10,5,1,10,5,1.45,8.73,4.47,4.5,0,999,13322
Adam Morgan,Phillies,2,3,1,10,4.44,2,47,54,54,27,10,53,17,1.29,8.84,2.76,4.5,0.2,689.7,12580
Felix Pena,Angels,0,0,0,1,4.31,0,10,10,9,5,2,10,4,1.32,9.41,3.61,4.5,0,999,13403
Ervin Santana,Twins,9,8,0,0,4.46,24,24,152,155,75,22,122,47,1.33,7.21,2.77,4.5,1.8,239.6,3200
Andrew Heaney,Angels,6,5,0,0,4.29,16,16,92,93,44,15,82,27,1.3,7.97,2.63,4.51,1,402.7,15423
Sam Moll,Blue Jays,0,0,0,0,4.44,0,5,5,5,2,1,4,2,1.43,7.32,3.6,4.51,0,999,14874
Jose Leclerc,Rangers,3,3,5,14,4.4,0,65,65,55,32,7,73,46,1.55,10.14,6.31,4.51,0.2,625.6,14524
Wade Miley,Brewers,7,8,0,0,4.66,19,19,113,117,58,15,102,49,1.47,8.17,3.9,4.51,1.4,616.2,8779
Jaime Garcia,Blue Jays,8,8,0,0,4.5,23,23,129,135,65,18,103,45,1.39,7.19,3.1,4.51,1.5,493.7,8137
Martin Perez,Rangers,10,9,0,0,4.6,28,28,162,181,83,18,100,56,1.47,5.54,3.1,4.51,2,648.4,6902
Chad Kuhl,Pirates,9,11,0,0,4.56,28,28,160,165,81,23,139,60,1.41,7.82,3.38,4.51,1.6,387.6,14975
Artie Lewicki,Tigers,1,1,0,1,4.55,0,15,15,16,8,2,11,4,1.36,6.66,2.54,4.51,0,999,16731
Ricardo Rodriguez,Rangers,0,0,0,1,4.49,0,10,10,10,5,1,10,4,1.39,8.72,3.64,4.51,0,999,15458
Anthony Banda,Rays,3,3,0,0,4.43,10,10,56,54,27,8,52,23,1.39,8.37,3.78,4.51,0.6,640.6,14706
Tyler Clippard,Blue Jays,2,2,0,5,4.36,0,35,35,31,17,6,38,16,1.33,9.78,4.07,4.52,0,732.5,5640
Matt Strahm,Padres,3,4,0,2,4.45,5,30,53,50,26,9,59,21,1.34,9.94,3.62,4.52,0.3,542.3,13799
Hoby Milner,Phillies,1,1,0,5,4.42,0,35,35,35,17,5,31,13,1.37,7.9,3.24,4.53,0,999,13346
Forrest Whitley,Astros,2,1,0,0,4.51,5,5,28,26,14,4,31,13,1.39,9.84,4.25,4.53,0.3,562.3,sa917930
Jace Fry,White Sox,1,1,0,3,4.39,0,30,30,29,15,3,27,19,1.58,8.18,5.64,4.53,0,999,16159
Erasmo Ramirez,Mariners,7,7,0,0,4.42,23,23,129,132,63,19,98,37,1.31,6.85,2.57,4.53,1.3,473.5,10314
Kendall Graveman,Athletics,9,10,0,0,4.64,29,29,169,188,87,21,110,52,1.41,5.84,2.74,4.53,1.7,480.2,15514
Chris Stratton,Giants,9,10,0,0,4.52,28,28,157,162,79,19,124,65,1.45,7.13,3.71,4.53,1.2,463.8,13761
Chris Bassitt,Athletics,2,2,0,1,4.59,3,13,29,29,15,3,23,12,1.43,7.05,3.66,4.54,0.2,999,12304
Brad Boxberger,Diamondbacks,5,4,7,13,4.38,0,55,55,48,27,9,70,29,1.39,11.39,4.7,4.54,0.1,323.3,10133
Jorge de la Rosa,Diamondbacks,3,3,2,14,4.48,0,55,55,54,27,8,51,24,1.41,8.32,3.87,4.54,0.1,999,2047
Matt Dermody,Blue Jays,1,1,0,1,4.41,0,20,20,21,10,3,15,6,1.34,6.81,2.5,4.54,0,999,14844
Anthony DeSclafani,Reds,8,9,0,0,4.53,24,24,146,155,73,22,114,41,1.34,7.04,2.51,4.54,1.7,388.2,13050
Casey Lawrence,Mariners,1,1,0,1,4.66,0,25,25,28,13,4,18,7,1.38,6.4,2.4,4.55,0,999,11121
Matt Harvey,Mets,7,9,0,0,4.71,24,24,138,145,72,19,105,45,1.37,6.87,2.95,4.56,1.4,335.7,11713
Huston Street,,2,2,3,0,4.49,0,45,45,45,22,7,38,17,1.39,7.53,3.39,4.56,0,664.8,8258
Hansel Robles,Mets,2,2,0,6,4.44,0,35,35,32,17,5,36,17,1.39,9.35,4.31,4.56,0,666.6,11801
Robert Gsellman,Mets,2,2,0,0,4.52,6,6,37,40,18,5,26,13,1.42,6.42,3.07,4.56,0.4,563,13696
Tony Cingrani,Dodgers,2,2,2,17,4.21,0,55,55,51,26,8,55,26,1.41,8.92,4.26,4.57,-0.1,704.8,12555
Brock Stewart,Dodgers,6,6,0,1,4.43,16,26,104,101,51,18,101,35,1.31,8.71,3.01,4.57,0.9,542.9,16727
Taylor Williams,Brewers,1,1,0,1,4.63,0,15,15,14,8,2,16,7,1.4,9.56,3.97,4.57,0,999,14899
Antonio Senzatela,Rockies,5,4,0,0,4.71,13,13,74,79,39,10,58,26,1.42,7.03,3.17,4.57,1,658.8,15488
Trevor Cahill,Athletics,5,5,0,3,4.58,11,41,96,96,49,12,87,46,1.49,8.21,4.35,4.58,0.6,592.9,6249
Reymin Guduan,Astros,1,1,0,1,4.52,0,15,15,14,8,2,14,9,1.53,8.61,5.1,4.58,0,999,13058
Mike Clevinger,Indians,8,7,0,0,4.47,19,19,113,105,56,17,117,52,1.39,9.33,4.11,4.58,1.2,205.4,12808
Chase Whitley,Braves,2,2,0,5,4.59,0,35,35,36,18,6,29,10,1.34,7.57,2.69,4.58,0,668.9,10982
Robbie Erlin,Padres,1,2,0,1,4.6,3,13,29,31,15,4,22,9,1.37,6.92,2.74,4.59,0.2,657.8,10354
Chase Anderson,Brewers,10,10,0,0,4.55,29,29,170,173,86,28,152,55,1.34,8.07,2.93,4.59,1.9,173.8,6895
Zack Littell,Twins,1,1,0,1,4.56,0,10,10,11,5,1,8,3,1.39,6.97,2.84,4.59,0,999,sa737929
Daniel Norris,Tigers,7,8,0,0,4.65,21,21,122,126,63,17,105,53,1.46,7.77,3.92,4.59,1.4,463.3,13475
Adrian Houser,Brewers,0,1,0,1,4.55,0,10,10,10,5,2,10,4,1.41,8.99,3.68,4.59,0,999,12718
Mike Foltynewicz,Braves,9,11,0,0,4.71,28,28,160,164,83,25,149,58,1.39,8.4,3.27,4.6,1.5,340,10811
Stefan Crichton,Orioles,2,2,0,13,4.61,0,35,35,37,18,5,27,13,1.42,6.92,3.22,4.6,0,999,16058
Tom Koehler,Dodgers,1,1,0,1,4.46,0,10,10,10,5,2,10,4,1.36,8.57,3.41,4.6,0,720.5,6570
Tyler Beede,Giants,2,2,0,0,4.51,6,6,37,39,19,4,27,15,1.46,6.53,3.66,4.6,0.3,638.2,sa597784
Brent Suter,Brewers,6,7,0,0,4.55,21,21,119,127,60,18,92,35,1.36,6.98,2.63,4.6,1.3,532.5,13942
Mark Leiter,Phillies,2,3,0,3,4.6,3,33,49,49,25,8,47,16,1.32,8.68,2.88,4.61,0.2,557.5,15551
Ty Blach,Giants,6,8,0,0,4.59,19,19,114,128,58,14,62,32,1.41,4.9,2.55,4.61,0.8,602.9,14361
Tony Sipp,Astros,1,1,0,1,4.45,0,25,25,24,12,4,25,10,1.34,8.97,3.58,4.61,0,999,8280
Ricky Nolasco,Royals,3,4,0,0,4.74,10,10,56,61,29,9,41,16,1.37,6.69,2.54,4.62,0.5,690.1,3830
Kyle Crick,Pirates,1,1,0,3,4.49,0,30,30,28,15,3,30,19,1.57,8.98,5.82,4.62,0,695.1,13182
Tyler Herb,Giants,0,1,0,0,4.58,2,2,9,10,5,1,7,4,1.48,6.52,3.81,4.62,0.1,999,sa829625
Colin Rea,Padres,4,5,0,0,4.68,13,13,74,78,38,10,57,28,1.43,6.89,3.39,4.62,0.6,711.8,12317
Jose Ramirez,Braves,3,3,4,16,4.52,0,65,65,61,33,9,66,35,1.46,9.18,4.8,4.62,-0.1,630.1,10171
Michael Kopech,White Sox,5,6,0,0,4.6,15,15,84,73,43,12,94,49,1.45,10.1,5.29,4.62,0.9,316.1,sa828680
Jeanmar Gomez,White Sox,0,1,0,1,4.68,0,10,10,11,5,1,7,3,1.44,6.27,3.03,4.62,0,999,9033
Jason Vargas,Mets,9,10,0,0,4.54,24,24,137,141,69,22,113,42,1.34,7.39,2.77,4.63,1.3,419.5,8044
Ubaldo Jimenez,,8,10,0,0,4.85,26,26,150,153,81,21,135,66,1.45,8.11,3.92,4.63,1.5,999,3374
Dylan Bundy,Orioles,12,11,0,0,4.56,29,29,177,174,90,30,161,57,1.31,8.18,2.91,4.63,2.1,192.3,12917
Danny Farquhar,White Sox,2,3,1,9,4.47,0,45,45,43,22,7,44,20,1.39,8.75,3.97,4.63,0,999,8501
Chase Johnson,Giants,1,1,0,0,4.55,3,3,19,19,9,2,14,8,1.48,6.81,3.95,4.63,0.1,999,sa549740
Damien Magnifico,Angels,1,1,0,1,4.36,0,20,20,19,10,2,18,13,1.58,7.99,5.75,4.63,0,999,13395
Severino Gonzalez,Marlins,1,1,0,1,4.55,0,10,10,11,5,2,7,3,1.34,6.3,2.29,4.63,0,999,14697
Jesse Chavez,Rangers,4,4,0,1,4.67,8,33,72,76,37,12,61,23,1.38,7.65,2.89,4.63,0.5,691,5448
Julian Merryweather,Indians,1,1,0,1,4.61,0,15,15,16,8,2,13,4,1.34,7.72,2.62,4.63,0,999,sa829363
Mike Mayers,Cardinals,1,1,0,1,4.61,0,10,10,10,5,2,8,4,1.39,7.53,3.16,4.64,0,999,15451
Lance Lynn,Twins,9,9,0,0,4.38,26,26,149,150,72,21,123,60,1.42,7.43,3.66,4.65,1.6,225.8,2520
Tim Mayza,Blue Jays,1,1,0,3,4.6,0,30,30,29,15,4,30,15,1.47,8.98,4.62,4.65,0,999,15042
Alan Busenitz,Twins,1,1,0,1,4.56,0,20,20,21,10,3,17,7,1.4,7.48,3.3,4.65,0,680.8,15239
Yovani Gallardo,Brewers,2,2,0,3,4.64,0,30,30,31,15,4,25,12,1.45,7.44,3.71,4.66,0,670.6,8173
Pablo Lopez,Marlins,0,1,0,0,4.66,2,2,9,10,5,1,5,3,1.39,5.28,2.5,4.66,0.1,999,sa736473
Jhoulys Chacin,Brewers,8,9,0,0,4.68,24,24,140,144,73,19,118,58,1.44,7.57,3.7,4.66,1.5,356,2608
CC Sabathia,Yankees,9,8,0,0,4.53,24,24,140,146,70,21,114,47,1.38,7.33,3.05,4.66,1.6,339,404
Daniel Mengden,Athletics,8,9,0,0,4.75,23,23,132,137,70,19,107,51,1.43,7.32,3.48,4.66,1.2,401.1,16980
Tyler Mahle,Reds,7,7,0,0,4.51,19,19,111,114,56,18,98,35,1.34,7.97,2.82,4.66,1.1,410.5,16358
Shane Carle,Braves,0,1,0,1,4.79,0,10,10,11,5,2,8,3,1.38,7.01,2.62,4.66,0,999,15258
Austin Gomber,Cardinals,1,1,0,1,4.51,2,12,19,19,10,3,17,8,1.41,7.87,3.77,4.66,0.1,999,sa827376
Nestor Cortes,Orioles,1,1,0,1,4.55,0,20,20,20,10,3,19,7,1.35,8.44,3.31,4.67,0,999,sa738684
Jacob Lindgren,Braves,1,1,0,1,4.48,0,10,10,9,5,1,11,7,1.61,10.21,6.33,4.67,0,999,16215
Josh Tomlin,Indians,7,7,0,0,4.72,19,19,112,124,59,21,82,16,1.25,6.6,1.25,4.67,1.1,444.2,9388
Julio Teheran,Braves,10,11,0,0,4.58,29,29,175,177,89,28,148,58,1.34,7.61,2.99,4.68,1.5,238.6,6797
Marco Gonzales,Mariners,5,6,0,0,4.67,16,16,94,101,49,15,75,30,1.39,7.15,2.89,4.68,0.8,557.1,15467
A.J. Puk,Athletics,5,6,0,0,4.65,15,15,84,83,43,12,76,37,1.43,8.2,3.96,4.68,0.7,440.2,sa738675
Adalberto Mejia,Twins,2,2,0,0,4.69,6,6,38,40,20,6,31,13,1.41,7.4,3.21,4.69,0.4,577,13188
Francisco Liriano,Tigers,7,8,0,1,4.7,21,31,132,127,69,19,127,67,1.47,8.65,4.54,4.69,1.2,583.8,3201
Hisashi Iwakuma,Mariners,3,4,0,0,4.63,10,10,56,61,29,9,40,14,1.34,6.42,2.28,4.69,0.5,670.9,13048
Nick Tropeano,Angels,3,3,0,0,4.52,8,8,46,46,23,7,41,17,1.37,8.05,3.37,4.69,0.4,617.7,12385
Freddy Peralta,Brewers,0,1,0,1,4.67,0,10,10,9,5,2,12,6,1.5,10.85,5.49,4.71,0,716.7,sa737343
Domingo German,Yankees,2,2,0,0,4.65,5,5,28,28,14,5,27,10,1.37,8.55,3.36,4.71,0.3,676.1,17149
Eric Lauer,Padres,3,3,0,0,4.59,8,8,47,47,24,7,41,18,1.4,7.94,3.56,4.71,0.4,999,sa738156
Luke Sims,Braves,0,1,0,0,4.69,2,2,9,9,5,2,10,4,1.42,9.54,4.21,4.71,0.1,665.5,13470
Eduardo Paredes,Angels,1,1,0,3,4.45,0,30,30,29,15,5,27,12,1.38,8.16,3.57,4.71,0,999,16344
Brad Keller,Royals,2,3,0,3,4.75,2,32,39,43,21,5,27,15,1.47,6.18,3.45,4.72,0,999,sa737865
Fernando Romero,Twins,1,1,0,1,4.7,2,17,25,26,13,4,19,9,1.41,6.96,3.26,4.72,0.1,652.6,sa657418
Miguel Almonte,Royals,1,1,0,1,4.65,0,20,20,20,10,3,18,9,1.46,8.11,4.22,4.72,0,999,14139
Zac Reininger,Tigers,1,1,0,1,4.73,0,25,25,26,13,3,19,10,1.45,6.82,3.66,4.72,0,999,15285
Tanner Scott,Orioles,0,0,0,0,4.57,2,2,9,8,5,1,10,8,1.69,9.89,7.55,4.73,0.1,691.3,17586
Jairo Diaz,Rockies,0,0,0,0,4.8,0,10,10,10,5,1,9,5,1.55,8.19,4.82,4.73,0,999,12774
Tyson Ross,Padres,6,9,0,0,4.77,19,19,110,114,58,11,84,60,1.57,6.89,4.88,4.73,0.8,551.4,7872
Dennis Santana,Dodgers,1,1,0,1,4.55,0,10,10,10,5,1,9,5,1.47,8.33,4.58,4.73,0,999,sa737018
Dietrich Enns,Twins,1,1,0,1,4.59,0,10,10,10,5,1,9,5,1.44,7.89,4.06,4.73,0,999,13932
Mike Dunn,Rockies,3,3,1,11,4.72,0,45,45,44,24,7,47,22,1.46,9.42,4.39,4.73,0.1,696.3,9948
Jesse Biddle,Braves,1,1,0,1,4.7,0,20,20,20,10,3,18,10,1.5,8.08,4.4,4.74,0,999,sa548186
Alfredo Simon,,1,2,0,0,4.7,0,30,30,32,16,4,23,10,1.4,6.87,3.03,4.74,0,999,2155
Scott Barlow,Royals,1,1,0,1,4.62,0,15,15,15,8,2,14,7,1.46,8.46,4.38,4.74,0,999,sa597976
Jerad Eickhoff,Phillies,7,9,0,0,4.74,24,24,137,142,72,24,120,44,1.36,7.9,2.9,4.74,1.4,367,12664
JC Ramirez,Angels,7,8,0,0,4.63,21,21,122,129,63,17,88,42,1.4,6.54,3.13,4.74,1,554.2,8302
Jason Hammel,Royals,9,11,0,0,4.8,28,28,156,166,83,26,123,43,1.35,7.14,2.51,4.74,1.2,526.5,4538
Chad Bell,Tigers,3,4,0,7,4.75,3,43,59,61,31,8,48,26,1.48,7.41,3.93,4.75,0.2,999,10297
Matt Koch,Diamondbacks,1,1,0,1,4.79,0,10,10,11,5,1,6,3,1.4,5.82,2.42,4.75,0,999,13420
Zac Gallen,Marlins,0,1,0,0,4.64,2,2,9,10,5,1,7,3,1.39,6.54,2.85,4.75,0.1,709,sa857550
Marco Estrada,Blue Jays,9,10,0,0,4.68,29,29,170,163,88,29,150,61,1.32,7.92,3.23,4.75,1.6,306.4,1118
Dean Deetz,Astros,1,1,0,1,4.68,0,10,10,9,5,1,10,6,1.52,9.01,5.28,4.75,0,999,sa829001
Lucas Giolito,White Sox,8,9,0,0,4.63,24,24,139,137,72,21,125,61,1.43,8.11,3.97,4.75,1.3,235.9,15474
Neftali Feliz,Diamondbacks,1,1,0,1,4.72,0,10,10,10,5,2,10,4,1.41,8.91,3.98,4.75,0,999,18
Jakob Junis,Royals,8,9,0,0,4.76,24,24,140,148,74,25,117,37,1.32,7.53,2.36,4.76,1,376.8,13619
Daniel Gossett,Athletics,1,1,0,0,4.86,2,2,9,10,5,1,7,3,1.45,6.87,3.31,4.76,0.1,682.3,16164
Rayan Gonzalez,Rockies,1,1,0,1,5.01,0,10,10,10,6,1,8,6,1.62,7.51,5.17,4.77,0,999,sa455370
Robby Scott,Red Sox,1,1,0,1,4.57,0,25,25,25,13,4,22,9,1.37,7.85,3.34,4.78,0,999,13042
Randy Rosario,Cubs,0,0,0,1,4.56,0,10,10,10,5,1,8,5,1.52,6.83,4.36,4.78,0,999,14508
Chris Flexen,Mets,1,1,0,0,4.75,2,2,9,9,5,1,7,4,1.45,7.26,3.79,4.79,0.1,718.3,13896
Eric Skoglund,Royals,2,3,0,1,4.77,6,16,48,51,25,8,37,16,1.4,6.98,3.01,4.8,0.3,710.5,16155
Spencer Turnbull,Tigers,1,1,0,1,4.77,0,10,10,11,5,1,7,5,1.52,6.62,4.19,4.8,0,999,sa827481
Jose Castillo,Padres,0,0,0,0,4.69,0,5,5,5,3,1,4,3,1.54,7.97,5,4.8,0,999,sa739762
Paul Blackburn,Athletics,5,6,0,0,4.83,16,16,93,106,50,12,53,31,1.46,5.14,2.98,4.8,0.7,677.3,14739
Aaron Bummer,White Sox,2,2,0,5,4.66,0,35,35,33,18,4,33,20,1.53,8.37,5.16,4.81,0,999,16258
Lucas Harrell,,2,2,0,0,4.82,0,35,35,36,19,4,28,19,1.58,7.07,4.86,4.81,0,999,7541
Doug Fister,Rangers,10,10,0,0,4.79,26,26,150,165,80,22,110,53,1.45,6.59,3.15,4.81,1.4,554.3,9425
Matt Boyd,Tigers,8,9,0,0,4.81,23,23,132,137,70,22,109,45,1.39,7.45,3.07,4.82,1.2,509.3,15440
Kyle Freeland,Rockies,9,8,0,0,4.8,21,26,127,142,68,18,90,48,1.49,6.34,3.39,4.83,1.3,565.2,16256
Odrisamer Despaigne,Marlins,5,7,0,0,4.83,19,19,111,119,60,14,74,45,1.47,5.99,3.66,4.83,0.7,678.4,16017
Jen-Ho Tseng,Cubs,2,2,0,1,4.73,2,22,29,31,15,5,23,9,1.39,7.1,2.9,4.83,0,680.2,15524
Dario Agrazal,Pirates,0,1,0,1,4.94,0,10,10,12,5,2,6,2,1.38,5.52,1.87,4.83,0,999,sa737059
Aaron Wilkerson,Brewers,1,1,0,0,4.85,2,2,9,10,5,2,8,3,1.37,8.1,3.12,4.83,0.1,697.7,16904
Clay Buchholz,Royals,0,1,0,0,5.05,2,2,9,10,5,1,7,3,1.41,6.8,3.1,4.83,0.1,999,3543
Drew VerHagen,Tigers,3,3,3,13,4.9,0,55,55,60,30,7,37,22,1.48,6.11,3.52,4.83,-0.1,999,13424
Cody Reed,Reds,2,3,0,1,4.67,3,28,44,43,23,6,41,23,1.51,8.49,4.66,4.83,0.1,707.1,15232
Austin Voth,Nationals,1,1,0,1,4.78,2,17,24,26,13,4,19,10,1.47,7.01,3.65,4.84,0,999,sa621465
Kevin McCarthy,Royals,2,3,2,12,4.73,0,55,55,61,29,7,35,20,1.48,5.69,3.32,4.84,-0.2,999,15240
Chad Bettis,Rockies,9,8,0,0,5.11,24,24,142,163,81,21,100,48,1.49,6.31,3.07,4.84,1.5,644,10587
Clayton Blackburn,Rangers,1,1,0,0,4.95,3,3,19,21,10,3,13,6,1.44,6.41,2.89,4.85,0.2,999,sa598302
Hector Velazquez,Red Sox,1,1,0,0,4.78,3,3,19,20,10,3,13,6,1.45,6.35,3.15,4.85,0.1,999,19341
Dan Straily,Marlins,9,11,0,0,4.64,29,29,167,164,86,29,150,61,1.35,8.09,3.29,4.85,0.9,321.4,9460
Jeff Hoffman,Rockies,7,6,0,0,5.02,19,19,111,118,62,17,95,46,1.48,7.7,3.72,4.86,1.2,616.7,17432
Kevin Jepsen,,1,1,0,0,4.71,0,20,20,20,10,3,18,9,1.44,8.1,4.02,4.86,0,999,6475
Victor Arano,Phillies,0,1,0,1,4.8,0,10,10,10,5,2,10,4,1.36,8.94,3.23,4.86,0,999,15915
Albert Suarez,Diamondbacks,2,2,0,3,4.9,0,30,30,32,16,5,25,10,1.39,7.55,2.9,4.86,0,999,6175
Justin Nicolino,Marlins,4,5,0,1,4.74,11,21,76,86,40,11,43,23,1.44,5.11,2.71,4.86,0.4,999,11754
Jackson Stephens,Reds,3,3,0,1,4.76,5,25,48,50,26,8,40,18,1.41,7.42,3.37,4.86,0.2,999,14420
Kris Medlen,Diamondbacks,1,1,0,1,4.86,0,10,10,11,5,2,8,3,1.4,7.39,2.91,4.87,0,999,9417
Sam Wolff,Giants,1,1,0,1,4.79,0,10,10,10,5,1,10,5,1.5,8.92,4.86,4.87,0,999,sa503437
Zac Curtis,Phillies,0,0,0,1,4.74,0,10,10,10,5,2,11,5,1.44,9.48,4.36,4.87,0,999,16684
Ryan Merritt,Indians,4,4,0,3,4.78,6,36,68,77,36,11,43,15,1.35,5.67,1.94,4.87,0.2,668.5,13688
Jake Odorizzi,Twins,9,9,0,0,4.75,26,26,147,149,78,26,128,52,1.36,7.85,3.17,4.87,1.2,263.9,6397
Raul Alcantara,Athletics,1,1,0,1,4.89,0,15,15,16,8,2,10,4,1.37,6.28,2.55,4.88,0,999,12790
Cionel Perez,Astros,0,0,0,0,4.8,0,5,5,5,3,1,4,2,1.46,6.81,3.63,4.88,0,999,sa954181
Brandon Finnegan,Reds,4,4,0,0,4.65,11,11,66,62,34,11,64,31,1.41,8.74,4.23,4.88,0.5,443.2,16208
Jorge Lopez,Brewers,1,1,0,1,4.92,0,10,10,10,5,2,9,5,1.5,8.36,4.3,4.88,0,999,14527
Jarlin Garcia,Marlins,3,3,0,1,4.75,8,23,62,64,33,9,49,24,1.43,7.12,3.54,4.89,0.2,662,18282
Derek Holland,Giants,3,4,0,0,4.79,10,10,56,59,30,8,42,24,1.48,6.7,3.83,4.89,0.2,999,4141
Mike Fiers,Tigers,8,9,0,0,4.89,24,24,140,147,76,24,114,47,1.39,7.33,3.04,4.9,1.1,520.1,7754
Max Fried,Braves,3,3,0,0,4.8,8,8,46,47,25,6,39,26,1.58,7.65,5.06,4.91,0.3,540,13743
Jose Urena,Marlins,9,12,0,0,4.75,29,29,169,178,89,24,121,64,1.43,6.46,3.4,4.91,0.9,420,11589
Jason Motte,Cardinals,0,0,0,1,4.85,0,10,10,10,5,2,8,4,1.44,7.33,3.58,4.91,0,999,5861
Steven Wright,Red Sox,7,7,0,0,4.73,19,19,113,120,59,18,83,38,1.4,6.62,3.02,4.92,0.7,644.6,8185
Jacob Turner,Marlins,6,8,0,0,5.02,19,19,111,121,62,15,79,48,1.51,6.4,3.85,4.92,0.5,999,10185
Stephen Gonsalves,Twins,1,1,0,0,4.83,2,2,9,9,5,1,8,4,1.44,7.82,3.97,4.92,0.1,598.8,sa737764
Yacksel Rios,Phillies,1,1,0,1,4.81,0,20,20,19,11,3,20,9,1.43,8.88,4.14,4.93,0,999,15007
Jordan Zimmermann,Tigers,9,11,0,0,5.03,29,29,168,192,94,29,111,42,1.39,5.94,2.25,4.93,1.3,588.7,4505
Jose Mesa,Orioles,1,1,0,1,4.74,0,25,25,23,13,4,26,15,1.53,9.37,5.42,4.94,0,999,sa658593
Gerson Moreno,Tigers,0,0,0,1,4.86,0,10,10,10,5,1,9,6,1.59,8.38,5.64,4.94,0,999,sa736656
J.J. Hoover,Brewers,2,2,0,5,5,0,35,35,33,19,6,39,19,1.48,9.91,4.8,4.95,0,999,9037
Adam Conley,Marlins,2,3,0,0,4.82,6,6,38,39,20,5,28,16,1.48,6.59,3.93,4.95,0.2,669.6,14457
Ronald Herrera,Rangers,1,1,0,1,4.95,0,15,15,16,8,2,11,5,1.45,6.5,3.17,4.96,0,999,15688
A.J. Cole,Nationals,4,4,0,0,4.88,11,11,65,68,35,11,53,25,1.44,7.42,3.47,4.97,0.3,542.5,11467
Jaime Schultz,Rays,1,1,0,0,4.82,3,3,19,17,10,3,21,11,1.52,9.92,5.46,4.97,0.1,653.1,sa708975
Homer Bailey,Reds,8,11,0,0,5.1,24,24,139,158,79,20,95,52,1.5,6.11,3.32,4.97,1,516.6,8362
Reynaldo Lopez,White Sox,6,8,0,0,4.93,21,21,121,121,66,21,111,51,1.43,8.22,3.82,4.98,0.9,366.9,16400
Adam McCreery,Braves,1,1,0,1,4.73,0,15,15,14,8,1,15,12,1.73,9.12,7.28,4.98,0,999,sa599173
Zach Eflin,Phillies,2,3,0,0,5,8,8,46,51,25,8,32,12,1.38,6.29,2.34,4.98,0.3,700.4,13774
Taylor Guerrieri,Blue Jays,1,2,0,1,4.98,2,17,24,27,13,4,17,9,1.46,6.21,3.24,4.98,0,999,sa597787
Ryan Borucki,Blue Jays,2,2,0,0,4.93,6,6,37,40,20,6,29,13,1.43,6.97,3.24,4.99,0.2,999,sa658266
Barrett Astin,Reds,0,1,0,1,4.79,0,10,10,11,5,1,7,5,1.54,6.7,4.37,4.99,0,999,14812
Jordan Milbrath,Pirates,2,2,0,5,4.93,0,35,35,36,19,4,29,21,1.63,7.5,5.37,4.99,-0.1,999,sa738636
Ryan Carpenter,Tigers,1,1,0,1,5.01,2,12,19,21,11,4,17,6,1.36,7.82,2.69,4.99,0,999,sa455439
Duane Underwood Jr.,Cubs,1,1,0,1,4.86,0,10,10,11,5,1,8,5,1.51,6.83,4.1,4.99,0,999,sa657936
Dan Slania,Giants,0,1,0,1,4.94,0,10,10,10,5,2,8,4,1.47,7.36,3.79,5,0,999,15639
Derian Gonzalez,Cardinals,1,1,0,1,4.88,0,10,10,10,5,1,8,6,1.61,7.02,5.22,5.01,0,999,sa737568
Miguel Diaz,Padres,1,1,0,1,4.94,0,15,15,15,8,2,13,7,1.51,7.77,4.49,5.01,0,999,18815
Ariel Jurado,Rangers,1,1,0,0,5.1,2,2,9,11,5,1,5,3,1.51,5,2.95,5.01,0.1,999,sa737364
Julian Fernandez,Giants,1,1,0,3,4.79,0,30,30,30,16,3,22,20,1.67,6.61,6.03,5.01,-0.1,999,sa737347
Tyler Kinley,Twins,2,2,0,5,5.01,0,35,35,36,19,5,32,18,1.54,8.15,4.59,5.02,-0.1,999,sa738149
Aaron Slegers,Twins,1,1,0,0,5.08,2,2,9,10,5,2,6,3,1.42,5.92,2.68,5.03,0.1,689,15231
Matt Wisler,Braves,1,2,0,0,5.17,5,5,28,31,16,5,20,9,1.42,6.42,2.77,5.03,0.1,999,12804
Nick Martinez,,4,4,0,0,5.01,13,13,74,83,41,12,46,20,1.4,5.65,2.45,5.03,0.4,999,12730
Jeremy Hellickson,Nationals,5,6,0,0,5.03,16,16,93,102,52,16,63,26,1.38,6.07,2.52,5.04,0.4,643.5,4371
Ian Kennedy,Royals,8,11,0,0,4.93,28,28,159,161,87,29,139,58,1.38,7.88,3.28,5.04,0.7,452.3,6986
Jim Henderson,,1,1,0,0,4.99,0,15,15,15,8,3,14,7,1.44,8.59,4.17,5.04,0,999,6653
Andres Machado,Royals,1,2,0,1,5.07,0,25,25,27,14,4,20,9,1.45,7.06,3.35,5.04,-0.1,999,14681
Sandy Alcantara,Marlins,6,8,0,1,4.86,21,31,132,132,71,17,111,77,1.58,7.56,5.24,5.05,0.4,544.5,18684
Bartolo Colon,Rangers,2,3,0,0,5.25,6,6,37,45,22,7,22,8,1.43,5.4,1.93,5.05,0.2,999,375
Jalen Beeks,Red Sox,1,1,0,0,4.89,2,2,9,10,5,2,8,4,1.48,7.68,4.06,5.05,0,645.5,sa827439
Vance Worley,Reds,2,3,0,1,5,5,20,43,48,24,7,30,15,1.46,6.16,3.08,5.05,0.1,999,6435
Erik Goeddel,Mariners,0,1,0,1,4.95,0,10,10,10,6,2,9,4,1.47,8.21,3.96,5.05,0,999,11712
Tim Lincecum,Rangers,2,3,2,12,5.19,0,55,55,59,32,9,45,23,1.5,7.44,3.83,5.06,-0.2,540.4,5705
Warwick Saupold,Tigers,1,2,0,5,5.08,0,35,35,38,20,5,25,16,1.53,6.47,4.02,5.06,-0.1,999,13211
Roenis Elias,Red Sox,4,4,0,9,4.91,5,45,68,71,37,11,54,29,1.48,7.07,3.89,5.06,0,999,12673
Brooks Pounders,Angels,1,1,0,1,4.9,0,25,25,25,14,5,23,11,1.44,8.46,3.89,5.06,-0.1,748,10387
Buck Farmer,Tigers,4,6,0,3,5.16,10,40,86,93,49,16,71,30,1.42,7.42,3.13,5.07,0.3,678.4,14814
Matt Moore,Rangers,9,10,0,0,5.11,26,26,149,161,85,25,119,60,1.49,7.2,3.63,5.07,1,466.3,1890
Mike Wright,Orioles,2,2,0,1,5.05,5,15,38,41,21,7,29,13,1.4,6.87,2.95,5.07,0.2,999,12586
Aaron Blair,Braves,0,1,0,0,5.21,2,2,9,10,5,1,8,4,1.54,7.29,4.24,5.08,0,658.6,14934
Pedro Araujo,Orioles,1,1,0,1,4.92,0,15,15,15,8,3,14,7,1.45,8.36,4.22,5.08,0,999,sa597206
Carlos Ramirez,Blue Jays,1,1,0,1,4.97,0,25,25,24,14,4,24,13,1.48,8.6,4.64,5.1,0,999,11743
Miguel Castro,Orioles,4,5,0,3,5.06,8,38,77,84,43,11,50,33,1.52,5.8,3.82,5.11,0.3,648.4,15684
Felix Jorge,Twins,1,1,0,1,5.13,2,12,19,22,11,3,12,5,1.44,5.5,2.5,5.11,0,999,14532
Craig Breslow,Blue Jays,0,0,0,1,5.15,0,10,10,11,6,2,7,4,1.53,6.49,3.76,5.11,0,999,4363
Shawn Morimando,Indians,2,2,0,1,4.98,3,23,39,41,21,6,30,17,1.5,7.03,3.88,5.11,0.1,999,13606
Keury Mella,Reds,0,0,0,0,5,0,5,5,5,3,1,4,2,1.49,7.14,3.8,5.11,0,999,15964
Eduardo Jimenez,,0,0,0,0,5.55,0,10,10,11,6,2,9,5,1.56,8.38,4.18,5.12,0,999,sa3001404
Johnny Barbato,Tigers,0,1,0,1,5.07,0,10,10,10,6,2,9,5,1.52,8.13,4.39,5.13,0,999,11440
Domingo Acevedo,Yankees,2,2,0,0,5.04,5,5,28,29,16,5,24,10,1.4,7.74,3.07,5.14,0.2,665.7,sa739716
Burch Smith,Royals,2,2,0,5,5.08,0,35,35,36,20,6,30,17,1.51,7.59,4.32,5.14,-0.1,709.1,12784
Andrew Moore,Mariners,2,3,0,0,5.09,8,8,47,51,26,9,33,11,1.33,6.43,2.08,5.15,0.2,650.6,17553
Ariel Miranda,Mariners,3,3,0,0,4.93,10,10,55,56,30,10,47,21,1.38,7.59,3.41,5.16,0.2,564.6,17526
Elieser Hernandez,Marlins,2,3,0,5,4.97,0,35,35,36,19,6,31,16,1.47,8.01,4.11,5.17,-0.1,999,sa658203
Phil Hughes,Twins,3,4,0,1,5.31,10,20,66,79,39,13,42,13,1.38,5.76,1.77,5.17,0.3,999,7450
Ben Lively,Phillies,5,7,0,0,5.15,16,16,92,99,52,17,69,29,1.39,6.82,2.83,5.17,0.5,598.9,14932
Rob Whalen,Mariners,2,3,0,0,5.11,8,8,46,49,26,7,35,20,1.49,6.75,3.82,5.17,0.2,999,14165
Williams Jerez,Red Sox,0,0,0,1,5.08,0,10,10,11,6,2,8,5,1.56,7.23,4.52,5.17,0,999,sa597797
Tayron Guerrero,Marlins,3,3,1,10,4.96,0,45,45,42,25,7,48,32,1.64,9.67,6.35,5.18,-0.3,999,11691
Junior Guerra,Brewers,3,4,0,1,5.04,10,20,66,66,37,12,60,32,1.47,8.13,4.31,5.18,0.3,648.3,5702
Amir Garrett,Reds,4,5,0,0,4.99,11,11,66,68,36,11,57,30,1.49,7.86,4.12,5.19,0.3,530.7,14375
Ben Taylor,Red Sox,1,1,0,2,5,0,25,25,27,14,4,21,12,1.53,7.46,4.18,5.19,-0.1,999,18114
Jake Thompson,Phillies,2,2,0,1,5.07,2,27,34,37,19,6,27,14,1.47,7.01,3.63,5.19,0,704.8,14371
Ty Buttrey,Red Sox,1,1,0,1,5.12,0,15,15,16,9,2,12,9,1.62,7.43,5.18,5.2,0,999,sa657997
Jimmy Yacabonis,Orioles,0,0,0,1,5.18,0,10,10,10,6,1,8,6,1.63,6.86,5.34,5.2,0,999,15157
James Needy,Marlins,0,1,0,0,5.08,2,2,9,10,5,1,7,4,1.51,6.54,3.98,5.21,0,999,sa501496
Brian Johnson,Red Sox,2,2,0,0,5.07,6,6,37,40,21,6,27,15,1.5,6.51,3.75,5.22,0.1,670.5,14272
Luis Cessa,Yankees,3,4,0,0,5.17,10,10,55,59,32,10,44,20,1.43,7.19,3.27,5.22,0.3,999,13345
Connor Sadzeck,Rangers,1,1,0,1,5.15,2,12,19,20,11,3,17,11,1.6,7.66,4.91,5.22,0,999,sa550247
Enyel De Los Santos,Phillies,0,1,0,0,5.18,2,2,9,10,5,2,8,4,1.48,7.43,3.82,5.23,0,999,sa877528
Thomas Pannone,Blue Jays,0,1,0,0,5.17,2,2,9,10,5,2,8,4,1.44,7.36,3.45,5.25,0,999,sa658922
Brett Graves,Marlins,1,1,0,1,5.15,0,20,20,22,11,3,14,8,1.49,6.16,3.63,5.25,-0.1,999,sa599301
Miguel Gonzalez,White Sox,9,11,0,0,5.19,28,28,159,179,91,28,106,52,1.46,6.01,2.98,5.26,0.7,664.3,7024
Gerson Bautista,Mets,1,1,0,1,5.19,0,15,15,15,9,2,14,10,1.68,8.15,6.23,5.26,0,999,sa732755
Hunter Wood,Rays,0,1,0,0,5.13,2,2,9,10,5,2,7,4,1.49,7.11,4.05,5.26,0,999,15091
Yohander Mendez,Rangers,2,2,0,1,5.21,5,15,38,41,22,7,30,16,1.5,7.12,3.83,5.27,0.1,656.9,14391
Colby Lewis,,2,3,0,0,5.34,8,8,51,57,30,10,35,14,1.41,6.23,2.44,5.27,0.2,999,1259
Eddie Butler,Cubs,2,2,0,0,5.18,5,5,28,32,16,4,17,12,1.54,5.47,3.74,5.27,0.1,678,13453
Andrew Cashner,Orioles,8,10,0,0,5.21,26,26,146,165,85,24,93,56,1.51,5.73,3.43,5.27,0.8,513.3,8782
Austin Maddox,Red Sox,1,1,0,1,5.13,0,20,20,21,11,4,17,9,1.49,7.73,4.15,5.3,-0.1,557.8,14241
Heath Fillmyer,Royals,0,1,0,0,5.2,2,2,9,10,5,1,6,4,1.52,5.86,3.78,5.31,0,999,sa738396
Jaime Barria,Angels,1,1,0,0,5.13,2,2,9,10,5,2,6,3,1.4,5.69,2.59,5.33,0,688.7,sa737379
Adbert Alzolay,Cubs,0,1,0,0,5.18,2,2,9,10,5,2,7,4,1.5,6.73,3.74,5.33,0,681.2,sa735853
Parker Bridwell,Angels,4,5,0,0,5.17,13,13,75,81,43,14,53,27,1.44,6.35,3.24,5.33,0.1,483.1,11502
Drew Anderson,Phillies,1,1,0,1,5.36,2,12,19,20,12,4,17,9,1.5,7.88,4.08,5.35,0,999,15130
Edwin Jackson,Nationals,0,1,0,0,5.5,2,2,9,10,6,2,7,4,1.56,7.16,4.17,5.36,0,999,1841
Ariel Hernandez,Reds,1,1,0,3,5.12,0,30,30,26,17,4,34,27,1.76,10.29,8.16,5.36,-0.1,999,15603
Jesus Castillo,Angels,0,1,0,0,5.18,2,2,9,10,5,2,7,3,1.44,6.4,2.85,5.37,0,999,sa657701
Braden Shipley,Diamondbacks,4,5,0,0,5.4,13,13,74,84,44,13,50,29,1.53,6.13,3.52,5.39,0.2,999,15158
Gabriel Ynoa,Orioles,1,1,0,0,5.41,3,3,18,22,11,3,11,5,1.46,5.37,2.5,5.4,0.1,649.6,12938
Lewis Thorpe,Twins,0,1,0,1,5.31,0,10,10,10,6,2,9,6,1.57,8.41,5,5.41,0,999,sa739599
Sam Howard,Rockies,1,1,0,0,5.46,2,2,9,11,6,2,7,4,1.54,6.7,3.68,5.41,0,999,sa602898
Gregory Soto,Tigers,1,1,0,1,5.28,0,10,10,10,6,1,8,8,1.76,7.47,6.8,5.42,0,999,sa737262
Luis Escobar,Pirates,0,1,0,1,5.37,0,10,10,10,6,1,9,7,1.69,8.22,6.15,5.43,0,999,sa828442
Sandy Baez,Tigers,1,1,0,1,5.43,0,10,10,11,6,2,8,4,1.48,6.84,3.44,5.45,0,999,sa657709
Chris Tillman,Orioles,6,9,0,0,5.5,23,23,132,146,80,24,93,55,1.53,6.35,3.75,5.45,0.4,654.3,5279
James Shields,White Sox,7,11,0,0,5.36,28,28,159,171,95,31,130,66,1.49,7.35,3.72,5.46,0.4,612.2,7059
Troy Scribner,Angels,1,1,0,1,5.24,2,12,19,20,11,4,17,9,1.49,7.97,4.32,5.47,0,999,15570
Henry Owens,Dodgers,1,1,0,1,5.12,0,10,10,9,6,1,10,7,1.65,8.88,6.66,5.48,0,999,13143
Ricardo Pinto,Phillies,1,2,0,1,5.46,2,17,24,27,15,5,19,10,1.49,6.97,3.59,5.49,0,999,16318
Rookie Davis,Reds,2,3,0,1,5.36,6,16,48,53,28,10,37,17,1.48,7,3.2,5.53,0,999,14962
David Holmberg,,3,4,0,0,5.39,0,65,65,74,39,12,41,25,1.53,5.74,3.51,5.6,-1,999,7725
Art Warren,Mariners,1,1,0,1,5.37,0,15,15,16,9,2,11,9,1.64,6.45,5.19,5.61,-0.1,999,sa875374
Jose Taveras,Phillies,0,1,0,0,5.54,2,2,9,10,6,2,8,3,1.46,7.56,3.32,5.62,0,731.8,sa828246
Daniel Wright,Angels,1,1,0,0,5.56,2,2,9,10,6,2,6,3,1.49,5.93,3.24,5.63,0,696,15179
Brett Martin,Rangers,1,1,0,0,5.59,2,2,9,11,6,1,6,5,1.67,6.23,4.91,5.63,0,999,sa828879
Jose Mujica,Rays,0,1,0,1,5.43,0,10,10,11,6,2,6,3,1.49,5.2,3.09,5.65,0,999,sa739763
Carson Fulmer,White Sox,6,10,0,0,5.63,21,21,122,130,76,20,93,72,1.65,6.86,5.3,5.65,0.1,518.8,18311
Michael Kelly,Orioles,0,1,0,0,5.68,2,2,9,10,6,2,8,5,1.57,7.56,4.48,5.67,0,999,sa597767
Adam Plutko,Indians,1,1,0,0,5.57,2,2,9,10,6,2,7,3,1.5,6.49,3.36,5.68,0,999,15846
Luke Farrell,Cubs,0,1,0,0,5.59,2,2,9,10,6,2,7,5,1.57,6.96,4.4,5.68,0,999,15101
Dylan Covey,White Sox,0,1,0,0,5.75,2,2,9,11,6,2,6,4,1.62,5.62,4.26,5.7,0,999,14825
Conner Greene,Cardinals,0,1,0,0,5.66,2,2,9,10,6,1,6,6,1.76,5.69,5.95,5.7,0,999,sa737829
Alec Asher,Orioles,1,1,0,0,5.73,3,3,18,21,12,4,12,6,1.47,6.03,2.8,5.71,0,999,13560
Jose Ruiz,,1,1,0,0,5.7,0,25,25,26,16,4,21,18,1.77,7.42,6.46,5.71,-0.1,999,14552
Jake Jewell,Angels,0,1,0,0,5.61,2,2,9,11,6,2,5,4,1.61,5.17,3.99,5.72,0,676,sa829312
Ricardo Sanchez,Braves,1,1,0,1,5.61,0,10,10,11,6,2,8,6,1.69,7.5,5.73,5.76,0,999,sa830302
Hector Santiago,White Sox,2,4,0,0,5.5,8,8,46,47,28,9,38,23,1.52,7.4,4.43,5.79,0,675.6,4026
Robert Stephenson,Reds,2,3,0,0,5.65,6,6,37,37,23,8,35,21,1.59,8.62,5.21,5.83,-0.1,455.6,13594
Marcos Diplan,Brewers,0,1,0,1,5.81,0,10,10,10,6,2,9,7,1.77,7.77,6.44,5.84,0,999,sa828590
Zach Jemiola,Rockies,1,1,0,1,6.09,0,10,10,12,7,2,6,4,1.64,5.18,3.79,5.99,0,999,sa658131
Yency Almonte,Rockies,0,1,0,0,6.15,2,2,9,11,6,2,7,5,1.66,6.83,4.65,6.09,0,999,sa658334
Albert Abreu,Yankees,1,2,0,3,5.92,0,25,25,26,16,5,22,17,1.73,7.95,6.18,6.12,-0.2,999,sa828366
David Hess,Orioles,0,1,0,0,6.12,2,2,9,11,6,2,6,4,1.58,5.81,3.73,6.17,0,999,sa829314
Jesus Tinoco,Rockies,0,1,0,1,6.23,0,10,10,12,7,2,6,5,1.69,5.52,4.25,6.2,0,999,sa657723
Jonathan Hernandez,Rangers,0,1,0,0,6.48,2,2,9,11,7,2,6,6,1.81,5.82,5.73,6.44,-0.1,999,sa737482