Name,Team,G,PA,AB,H,2B,3B,HR,R,RBI,BB,SO,HBP,SB,CS,AVG,OBP,SLG,OPS,wOBA,Fld,BsR,WAR,ADP,playerid
Mike Trout,Angels,155,651,523,157,31,4,39,114,105,112,131,10,22,7,0.299,0.427,0.599,1.027,0.423,-2.6,3.1,8.2,1.1,10155
Giancarlo Stanton,Yankees,150,630,542,152,27,1,58,109,140,77,171,6,2,2,0.28,0.372,0.655,1.027,0.416,3.1,-0.6,6.4,8.3,4949
Bryce Harper,Nationals,147,616,507,151,28,2,35,100,102,100,122,3,10,6,0.298,0.413,0.57,0.983,0.406,2.5,0.3,5.6,8.6,11579
Joey Votto,Reds,158,665,531,159,31,1,28,95,92,122,105,6,5,2,0.299,0.432,0.52,0.951,0.4,1.4,-2.7,4.7,19,4314
Freddie Freeman,Braves,150,630,532,155,35,3,31,92,93,85,134,9,8,5,0.291,0.395,0.541,0.935,0.389,2.1,-0.2,4.3,21.4,5361
Anthony Rizzo,Cubs,157,658,549,154,33,3,34,97,107,84,98,20,9,5,0.28,0.391,0.536,0.927,0.389,6.3,-1.2,4.7,25.3,3473
Paul Goldschmidt,Diamondbacks,157,658,546,157,34,2,31,100,104,100,147,6,17,6,0.288,0.4,0.527,0.927,0.386,5,1.2,4.3,6.5,9218
Kris Bryant,Cubs,157,658,553,154,31,3,33,104,95,86,147,13,9,5,0.278,0.385,0.529,0.914,0.385,2.6,2.2,5.9,15.2,15429
Nolan Arenado,Rockies,153,644,578,171,38,5,39,97,118,55,101,4,3,3,0.296,0.357,0.58,0.937,0.385,9.2,-0.7,5,4.6,9777
J.D. Martinez,Red Sox,145,609,544,156,33,3,39,90,110,57,164,3,4,2,0.287,0.355,0.575,0.93,0.384,-0.1,-1.5,3.4,23.5,6184
Josh Donaldson,Blue Jays,150,630,532,145,30,2,35,96,100,86,131,6,4,2,0.273,0.377,0.534,0.912,0.384,5.9,0.2,6.1,30.6,5038
Carlos Correa,Astros,155,651,570,168,34,2,30,96,112,72,121,4,8,3,0.294,0.375,0.519,0.894,0.376,-1.3,1,6.1,14.7,14162
Aaron Judge,Yankees,150,630,527,133,22,2,41,99,106,91,198,5,7,4,0.253,0.366,0.535,0.901,0.376,3.1,-0.2,4.4,19.4,15640
Charlie Blackmon,Rockies,150,630,563,170,30,7,27,103,78,49,110,11,15,9,0.303,0.367,0.525,0.892,0.374,-4.8,0.2,3,8.2,7859
Rhys Hoskins,Phillies,150,630,544,143,26,3,36,91,111,73,140,7,5,3,0.263,0.355,0.522,0.877,0.369,1.6,0.1,3.6,49.2,16472
Mookie Betts,Red Sox,153,644,573,171,39,4,24,100,90,62,73,3,23,6,0.298,0.366,0.505,0.871,0.367,15.2,4.3,5.6,7.9,13611
Edwin Encarnacion,Indians,155,651,552,142,26,1,36,92,109,89,131,5,2,1,0.258,0.363,0.506,0.868,0.366,0,-2,2.7,56.9,2151
George Springer,Astros,150,630,542,146,27,2,31,99,86,71,137,10,9,6,0.27,0.364,0.497,0.861,0.366,-3,-0.2,4.5,31.2,12856
Christian Yelich,Brewers,150,630,549,161,35,3,21,90,80,71,129,4,13,4,0.293,0.376,0.481,0.857,0.365,0.9,1.8,3.4,48.9,11477
Carlos Santana,Phillies,140,589,493,127,27,3,27,78,80,88,95,4,5,2,0.257,0.372,0.488,0.859,0.365,1.3,-0.5,2.8,171.4,2396
Justin Turner,Dodgers,108,455,397,116,25,1,17,59,64,42,65,11,4,1,0.292,0.371,0.485,0.856,0.364,3,0,3.5,84.2,5235
Cody Bellinger,Dodgers,150,630,553,145,27,3,39,91,110,69,159,3,13,5,0.262,0.346,0.537,0.882,0.364,3.6,1.1,3.6,25.6,15998
Jose Altuve,Astros,155,651,587,184,36,4,20,94,82,50,73,8,28,8,0.313,0.372,0.487,0.859,0.364,-2.5,0.7,4.8,2.2,5417
Anthony Rendon,Nationals,147,616,530,148,35,2,22,86,85,73,100,7,8,4,0.279,0.37,0.478,0.849,0.361,7.4,0.6,4.6,56.1,12861
Manny Machado,Orioles,153,644,583,166,33,1,34,91,99,51,105,3,8,4,0.284,0.342,0.52,0.862,0.36,5.6,-0.8,5.3,17.6,11493
Corey Seager,Dodgers,150,630,561,163,36,2,24,89,87,58,120,5,4,2,0.291,0.359,0.493,0.852,0.36,4.4,1.1,5.2,41.5,13624
Jose Abreu,White Sox,145,609,554,160,32,3,29,77,95,38,115,12,2,1,0.289,0.345,0.515,0.86,0.359,-2.3,-1.4,2.6,40.6,15676
Matt Carpenter,Cardinals,150,630,520,136,33,3,21,90,73,95,131,7,3,3,0.261,0.38,0.455,0.835,0.359,0.3,-0.4,3,186.9,8090
Miguel Cabrera,Tigers,150,630,553,158,31,1,26,78,91,68,123,4,1,1,0.286,0.365,0.489,0.854,0.359,0.4,-4,2.4,96.1,1744
Marcell Ozuna,Cardinals,147,616,559,160,29,3,30,80,99,50,129,2,2,2,0.286,0.346,0.507,0.853,0.359,4.4,-0.8,3.4,47.3,10324
Jose Ramirez,Indians,153,644,581,173,43,4,20,92,84,52,67,3,20,8,0.298,0.356,0.493,0.849,0.359,4.8,1.4,4.8,19.9,13510
Daniel Murphy,Nationals,142,595,541,166,38,3,19,80,87,44,70,5,4,2,0.308,0.362,0.497,0.859,0.358,-8.4,-0.1,2.7,77.2,4316
Michael Conforto,Mets,133,560,487,127,27,2,28,78,81,61,133,7,3,2,0.26,0.349,0.5,0.849,0.357,2.1,0.4,3.8,199.8,16376
Nelson Cruz,Mariners,152,637,561,150,24,0,36,85,106,61,150,9,1,1,0.267,0.345,0.504,0.849,0.356,0,-2.6,2.4,57.4,2434
Yasiel Puig,Dodgers,138,581,512,141,27,3,26,75,85,59,110,5,11,7,0.275,0.353,0.491,0.844,0.356,5.2,-1.3,3.3,110.8,14225
Francisco Lindor,Indians,155,651,581,170,35,4,24,92,83,55,84,4,15,5,0.293,0.354,0.488,0.842,0.356,11.3,0.8,5.8,20.8,12916
Brandon Belt,Giants,142,595,503,131,32,4,21,77,76,83,144,4,5,3,0.26,0.366,0.465,0.832,0.355,8.1,-0.7,3.2,302.2,10264
Miguel Sano,Twins,142,595,516,129,24,2,34,83,97,71,204,4,1,0,0.249,0.342,0.503,0.845,0.355,-1.7,-1.4,3.3,115,12164
Eric Thames,Brewers,114,480,412,101,21,3,26,67,69,58,139,6,6,3,0.246,0.345,0.499,0.844,0.355,-1.7,-0.5,1.5,205.9,3711
Ryan Braun,Brewers,136,570,512,144,29,3,25,77,86,49,109,5,13,6,0.28,0.346,0.496,0.841,0.354,-1.6,-1.4,2,117.3,3410
Gary Sanchez,Yankees,123,515,465,123,22,0,31,72,90,39,115,6,3,1,0.265,0.328,0.513,0.841,0.353,-3.2,-0.4,3.5,19.3,11442
Joey Gallo,Rangers,152,637,541,119,21,3,42,92,100,86,236,6,7,3,0.22,0.332,0.507,0.839,0.352,0.6,1.5,2.5,108.5,14128
Andrew McCutchen,Giants,147,616,528,142,28,3,23,82,78,75,126,6,10,5,0.269,0.364,0.462,0.825,0.351,-6.6,-0.1,2.2,90,9847
Domingo Santana,Brewers,132,553,478,123,25,1,25,74,77,66,164,5,9,5,0.258,0.352,0.47,0.822,0.351,-4.1,0.4,1.7,95.4,10348
A.J. Pollock,Diamondbacks,147,616,557,160,38,6,19,92,68,48,92,5,26,9,0.287,0.347,0.48,0.827,0.351,4.4,1.9,3.6,65.7,9256
Khris Davis,Athletics,150,630,559,140,28,2,38,86,107,59,178,6,4,1,0.25,0.325,0.511,0.836,0.35,-0.1,-0.9,2.1,68,9112
Yonder Alonso,Indians,133,560,489,130,26,0,24,72,77,65,120,3,3,1,0.266,0.354,0.469,0.823,0.349,-1.1,-0.8,1.8,284.6,2530
Joc Pederson,Dodgers,92,385,323,77,17,1,18,50,52,52,99,6,6,3,0.238,0.352,0.464,0.816,0.349,-0.6,-0.1,1.6,389.2,11899
Buster Posey,Giants,139,582,512,152,29,1,15,69,74,59,66,5,5,2,0.297,0.372,0.449,0.821,0.348,7.7,-1.4,4.6,58.7,9166
Nick Castellanos,Tigers,150,630,577,161,35,7,26,73,92,42,142,4,4,4,0.278,0.329,0.5,0.83,0.348,-7.1,-1.9,1.8,97.5,11737
Gregory Bird,Yankees,140,588,509,125,29,1,31,79,92,68,139,5,1,1,0.246,0.337,0.485,0.823,0.348,-1.9,-0.6,1.9,149.4,14131
Kyle Schwarber,Cubs,108,455,393,93,17,2,27,66,70,54,136,4,2,2,0.237,0.333,0.492,0.825,0.348,-2.4,0.2,1.6,169.3,16478
Brian Dozier,Twins,153,644,561,144,31,3,30,96,84,68,132,7,14,6,0.257,0.343,0.482,0.825,0.348,-1.1,1.7,3.7,36.9,9810
Michael Brantley,Indians,128,539,483,143,32,1,14,69,75,48,66,3,12,3,0.295,0.36,0.457,0.817,0.348,-1.8,1.5,2.2,242.4,4106
Justin Smoak,Blue Jays,150,630,552,139,28,1,32,81,95,70,150,4,1,1,0.253,0.338,0.483,0.821,0.347,1.1,-1.9,2.2,154.3,9054
Andrew Benintendi,Red Sox,147,616,544,154,34,4,18,83,83,60,98,5,16,8,0.284,0.357,0.46,0.816,0.347,3.5,0,2.9,41.3,17901
Tommy Pham,Cardinals,146,615,533,141,26,3,22,87,75,69,151,7,20,8,0.265,0.355,0.45,0.804,0.346,-1.9,1.6,3.2,57.5,2967
Eric Hosmer,Padres,150,630,564,159,28,2,24,80,87,60,112,2,5,2,0.281,0.35,0.462,0.812,0.346,-0.2,-0.6,2.1,79.1,3516
Jake Lamb,Diamondbacks,152,637,550,139,31,6,27,82,95,76,162,5,6,4,0.253,0.347,0.477,0.823,0.346,-4.8,0.5,2.4,130.4,13329
Adrian Beltre,Rangers,145,609,547,155,28,2,23,75,92,51,79,6,2,1,0.283,0.347,0.468,0.815,0.346,7.6,-1.2,3.6,158.1,639
Yoenis Cespedes,Mets,143,602,546,147,30,3,31,81,92,45,124,5,3,2,0.268,0.327,0.505,0.832,0.346,6.1,0.2,3.1,95.2,13110
Justin Bour,Marlins,142,595,527,140,24,0,29,70,93,61,123,2,1,0,0.267,0.343,0.48,0.823,0.345,-0.1,-1.8,1.7,199.8,9744
Willie Calhoun,Rangers,110,462,423,117,20,3,21,60,70,32,62,3,3,2,0.277,0.329,0.49,0.819,0.344,-1,0,1.5,255.9,17838
Carlos Gonzalez,Rockies,125,525,473,128,29,1,23,68,73,46,117,2,3,1,0.27,0.334,0.483,0.817,0.344,-1.3,0,0.7,293,7287
Alex Bregman,Astros,150,630,562,154,34,5,22,88,82,55,98,6,14,6,0.274,0.342,0.466,0.808,0.344,0.3,0.1,3.8,32.1,17678
Lucas Duda,Royals,133,560,481,114,26,0,29,68,80,66,154,8,1,1,0.238,0.338,0.479,0.817,0.344,0.1,-0.9,1.7,408.3,2502
Matt Olson,Athletics,150,630,546,129,28,1,35,84,95,73,170,5,2,1,0.236,0.329,0.485,0.814,0.343,1.2,-0.2,2.4,123,14344
David Dahl,Rockies,25,106,97,27,5,1,4,14,14,7,27,0,3,1,0.279,0.33,0.482,0.812,0.343,0.4,0.1,0.2,240.4,13744
Kyle Seager,Mariners,152,637,566,151,32,2,28,79,92,59,106,7,3,2,0.266,0.34,0.476,0.815,0.343,2.4,-1.1,3.9,139.9,9785
DJ LeMahieu,Rockies,153,644,575,177,28,5,9,87,61,56,90,4,10,6,0.308,0.371,0.421,0.792,0.343,2.7,-1,2,134.6,9874
Logan Morrison,Twins,147,616,536,135,25,2,29,77,86,70,136,6,4,2,0.252,0.343,0.469,0.811,0.343,-0.1,-0.6,1.5,283.6,9205
Neil Walker,Yankees,107,448,396,106,19,2,18,58,60,44,80,5,1,2,0.268,0.345,0.462,0.807,0.343,-2,-0.5,1.9,413.4,7539
Adam Eaton,Nationals,142,595,525,152,29,7,10,82,55,53,99,10,14,6,0.289,0.364,0.428,0.792,0.343,4.1,1.5,2.5,153.1,11205
Dexter Fowler,Cardinals,148,623,529,138,26,7,17,85,64,81,134,6,11,5,0.26,0.362,0.432,0.794,0.343,-2.8,1.1,2.2,246.5,4062
Josh Bell,Pirates,142,595,523,142,26,5,20,72,82,63,102,2,4,4,0.272,0.35,0.457,0.807,0.343,-2.7,-2.3,1.2,186.2,13145
Rafael Devers,Red Sox,137,574,529,148,32,3,23,74,81,40,127,2,7,5,0.279,0.331,0.484,0.815,0.343,-2.3,-0.7,2.6,117.4,17350
Wil Myers,Padres,142,595,521,132,26,3,27,78,81,64,155,4,18,7,0.253,0.337,0.469,0.806,0.342,0.2,1.2,2.4,65.9,10047
Willson Contreras,Cubs,129,542,480,129,26,2,20,66,77,52,116,6,6,5,0.268,0.344,0.456,0.799,0.342,-0.8,-2.1,3,51.1,11609
Yulieski Gurriel,Astros,128,539,496,142,37,1,19,68,75,30,72,7,3,2,0.285,0.333,0.477,0.81,0.342,-3.3,-0.4,1.6,237.6,19198
Ryan Zimmerman,Nationals,127,534,484,129,27,1,25,69,85,40,118,3,1,1,0.267,0.324,0.482,0.806,0.34,-3.6,-0.1,0.8,141.5,4220
Mike Moustakas,Royals,142,595,542,145,28,1,30,73,85,40,90,6,1,1,0.268,0.323,0.489,0.812,0.34,-0.3,-1.8,2.7,133,4892
Chris Iannetta,Rockies,76,320,274,68,15,0,12,35,40,39,80,4,1,0,0.247,0.347,0.438,0.785,0.34,-2.2,-0.9,1,267.5,8267
Hanley Ramirez,Red Sox,82,343,304,81,16,0,14,42,49,33,70,4,3,2,0.265,0.342,0.46,0.801,0.339,-0.9,-1,0.7,321.8,8001
Jonathan Lucroy,Athletics,112,469,417,119,25,3,11,53,56,44,63,4,2,1,0.285,0.356,0.438,0.794,0.339,-1,-1.5,2.9,200.6,7870
Nomar Mazara,Rangers,150,630,565,154,26,3,25,75,93,53,121,5,3,2,0.272,0.338,0.462,0.8,0.339,-0.2,-1,1.9,152.7,14553
Ryan McMahon,Rockies,107,448,406,116,25,3,13,53,55,34,101,2,8,4,0.285,0.342,0.457,0.799,0.339,2.5,-0.3,0.5,304.2,15112
Trea Turner,Nationals,147,616,564,163,30,8,16,89,66,42,119,3,49,13,0.288,0.339,0.454,0.793,0.338,1.5,5,3.7,4.6,16252
Xander Bogaerts,Red Sox,150,630,568,163,33,4,15,86,75,51,110,5,11,4,0.287,0.35,0.439,0.789,0.338,-2.4,2.3,3.4,81.4,12161
Shin-Soo Choo,Rangers,150,630,539,139,24,1,21,85,70,73,142,11,10,5,0.258,0.355,0.424,0.778,0.338,-0.7,-0.3,1.1,260.9,3174
Eugenio Suarez,Reds,148,623,544,138,26,2,24,78,80,65,149,8,7,5,0.254,0.34,0.447,0.787,0.338,1.6,-0.9,2.7,190.1,12552
Justin Upton,Angels,150,630,556,136,29,1,32,84,97,65,186,4,12,5,0.245,0.327,0.471,0.798,0.337,-1,1,2.5,49.1,5222
Robinson Cano,Mariners,152,637,581,164,31,1,23,78,88,46,91,5,2,2,0.282,0.338,0.457,0.795,0.336,-2.2,-2.2,2.9,86.1,3269
Yasmany Tomas,Diamondbacks,15,65,60,16,3,0,3,8,10,4,16,0,0,0,0.269,0.314,0.484,0.798,0.336,-0.5,-0.2,0.1,361.3,17171
Steve Pearce,Blue Jays,95,399,356,91,20,1,17,48,52,34,79,6,1,1,0.256,0.329,0.46,0.789,0.335,-1.6,-0.4,0.9,600.5,9957
Steven Souza Jr.,Diamondbacks,142,595,516,126,23,2,26,75,76,67,179,7,13,6,0.244,0.336,0.446,0.782,0.335,2,0.8,1.5,182.4,5667
Ian Happ,Cubs,133,560,499,126,23,3,27,75,81,50,157,4,11,6,0.252,0.323,0.475,0.798,0.335,1.5,-0.6,2.1,128.5,17919
David Peralta,Diamondbacks,125,525,475,132,27,5,15,66,60,39,95,5,7,3,0.279,0.338,0.449,0.787,0.335,-0.5,0.4,1.1,266,2136
Chris Davis,Orioles,140,588,507,114,20,0,34,79,87,71,207,6,1,1,0.225,0.325,0.468,0.792,0.335,1.7,0.2,1.6,248.4,9272
Jonathan Schoop,Orioles,153,644,598,161,32,0,31,82,98,30,137,9,2,1,0.27,0.312,0.481,0.793,0.335,0.6,-0.6,3,64.5,11265
Curtis Granderson,Blue Jays,97,406,349,85,19,3,15,55,51,49,93,4,4,2,0.242,0.339,0.443,0.782,0.335,-4.6,0.2,0.9,458.5,4747
Seth Smith,,117,490,426,109,25,2,17,62,56,52,104,6,2,1,0.255,0.343,0.439,0.782,0.335,-2.5,-1.3,1.1,681,7331
Joe Mauer,Twins,145,609,532,151,31,2,10,73,65,69,97,3,2,1,0.284,0.367,0.405,0.772,0.334,3.3,-1.7,1.6,395.7,1857
Josh Reddick,Astros,133,560,506,141,27,4,18,71,75,47,80,1,7,3,0.278,0.337,0.449,0.786,0.334,2.4,1,2.4,277.8,3892
Robbie Grossman,Twins,70,294,250,64,13,1,7,37,31,39,60,2,3,2,0.257,0.359,0.402,0.761,0.334,-1.7,-0.1,0.5,654.2,5254
Avisail Garcia,White Sox,138,581,531,149,24,3,19,70,76,39,128,8,6,4,0.282,0.338,0.445,0.783,0.333,-2.2,-0.6,1.7,198.7,5760
Trey Mancini,Orioles,143,602,554,150,26,4,25,70,80,38,146,5,2,1,0.271,0.322,0.465,0.787,0.333,-3.4,-0.2,1.3,152,15149
Jose Martinez,Cardinals,88,368,331,93,17,1,10,43,45,31,67,1,5,2,0.281,0.343,0.435,0.778,0.333,-1.5,0.1,0.8,258.4,7996
Ian Desmond,Rockies,127,534,487,134,23,2,20,69,74,37,128,5,16,6,0.275,0.329,0.452,0.781,0.333,1.5,1.4,0.5,113.7,6885
Trevor Story,Rockies,153,644,577,142,33,5,30,82,93,57,203,5,11,4,0.246,0.317,0.474,0.791,0.333,0.6,0.8,1.9,115.5,12564
Jesse Winker,Reds,98,412,358,97,19,0,10,49,41,45,70,3,4,3,0.271,0.356,0.412,0.767,0.332,-0.1,-0.4,1,320.7,13590
Jedd Gyorko,Cardinals,142,597,536,138,23,2,27,67,88,52,129,3,4,3,0.258,0.325,0.457,0.782,0.332,1.9,-1.1,2.6,349.3,10816
Pedro Alvarez,Orioles,8,35,32,8,1,0,2,4,5,3,9,0,0,0,0.248,0.31,0.482,0.792,0.332,0,0,0.1,708.8,2495
Kendrys Morales,Blue Jays,133,560,508,132,26,1,26,67,87,42,119,5,0,0,0.259,0.32,0.465,0.784,0.332,0,-3.4,0.6,305.4,8610
Travis Shaw,Brewers,147,616,551,139,30,2,28,77,89,55,144,5,7,2,0.253,0.323,0.463,0.786,0.332,-0.4,-0.4,2.1,91,11982
Yasmani Grandal,Dodgers,69,288,250,59,12,0,13,32,41,34,75,1,1,1,0.235,0.327,0.448,0.775,0.332,-0.2,-1,1.6,223.7,11368
Maikel Franco,Phillies,137,574,527,140,29,2,25,68,86,39,91,4,1,0,0.265,0.318,0.47,0.788,0.331,-4.6,-0.6,1.7,238,12179
Lorenzo Cain,Brewers,143,602,546,155,28,4,15,79,63,44,103,6,20,5,0.283,0.341,0.432,0.773,0.331,6.7,1.8,3,84.9,9077
Matt Joyce,Athletics,108,455,386,91,21,1,17,58,54,60,102,3,3,2,0.236,0.34,0.427,0.767,0.331,-4.5,-0.1,1,483.4,3353
Evan Gattis,Astros,138,580,530,135,26,3,30,71,93,38,118,6,1,1,0.254,0.308,0.482,0.79,0.331,-1.9,-1.5,1.6,140.3,11003
Jay Bruce,Mets,135,567,510,126,27,3,27,70,88,49,129,2,3,2,0.248,0.314,0.473,0.788,0.331,-2.5,-0.6,1.3,161.3,9892
Jackie Bradley Jr.,Red Sox,150,630,557,143,31,4,21,80,81,58,148,9,9,3,0.257,0.335,0.44,0.774,0.331,5.3,1.1,3.2,284.8,12984
Ronald Acuna,Braves,133,560,513,141,24,5,19,66,69,36,148,4,29,17,0.275,0.325,0.451,0.776,0.331,0.8,-1.3,1.3,110.5,sa877503
Yangervis Solarte,Blue Jays,62,259,234,64,14,1,8,30,36,19,32,3,1,0,0.272,0.331,0.444,0.775,0.33,-1.7,-0.4,0.9,280.9,5352
Shohei Ohtani,Angels,83,350,313,80,16,1,14,46,50,32,106,2,4,2,0.256,0.326,0.451,0.776,0.33,0,0.1,0.7,80.1,19755
Eloy Jimenez,White Sox,25,105,97,26,5,1,5,13,14,7,27,1,1,1,0.264,0.314,0.471,0.785,0.33,0,-0.2,0.3,404.3,sa830373
Nick Senzel,Reds,20,84,76,21,5,0,2,10,10,7,18,0,2,1,0.272,0.331,0.441,0.772,0.33,-0.2,-0.1,0.3,351.4,sa873264
Joe Panik,Giants,142,595,530,151,28,5,11,72,61,51,58,5,4,2,0.284,0.349,0.417,0.767,0.33,1.3,0,2.6,385.2,11936
Wilmer Flores,Mets,90,376,349,94,18,1,17,44,55,20,55,3,1,1,0.271,0.313,0.47,0.782,0.329,-1.3,-0.8,1,356.3,5827
Starling Marte,Pirates,148,623,568,160,30,4,15,81,65,33,124,16,33,11,0.282,0.338,0.427,0.765,0.329,5.3,2.8,3.2,49.3,9241
Evan Longoria,Giants,150,630,575,156,36,3,22,72,85,43,112,4,3,2,0.271,0.323,0.458,0.78,0.329,2.2,-0.2,2.8,203.3,9368
Mark Trumbo,Orioles,128,539,495,123,21,1,29,69,80,40,135,2,1,0,0.249,0.305,0.474,0.779,0.329,0,-1,0.6,261.6,6876
Yandy Diaz,Indians,38,161,140,39,6,1,2,18,14,19,30,1,1,1,0.28,0.366,0.376,0.742,0.328,0,-0.1,0.6,521.7,16578
Matt Adams,Nationals,58,245,225,60,13,1,11,28,39,16,58,1,1,1,0.265,0.315,0.471,0.786,0.328,0.9,-0.2,0.6,476,9393
Corey Dickerson,Pirates,133,560,519,138,31,3,23,68,70,34,131,3,3,3,0.265,0.313,0.473,0.785,0.328,0.3,-0.6,1.3,223.1,10762
Ben Zobrist,Cubs,136,570,493,127,26,3,14,70,63,68,81,3,4,3,0.259,0.349,0.407,0.757,0.328,0.8,-0.9,1.6,463.2,7435
Scott Schebler,Reds,122,511,459,114,21,4,23,62,73,36,121,11,6,3,0.248,0.316,0.462,0.779,0.328,-0.8,0.3,1,289.8,12225
Brett Gardner,Yankees,133,560,487,127,22,4,14,77,53,58,106,6,15,5,0.26,0.344,0.41,0.755,0.328,2.3,2.1,1.6,178.3,9927
Howie Kendrick,Nationals,43,179,163,47,9,1,3,21,20,13,34,2,4,2,0.287,0.344,0.416,0.759,0.328,-0.2,-0.3,0.4,506.1,4229
Aaron Hicks,Yankees,133,560,486,121,24,2,19,70,68,65,110,2,13,7,0.249,0.337,0.422,0.759,0.328,1.2,0.3,2.4,228.8,5297
Dustin Pedroia,Red Sox,133,560,500,143,26,0,11,68,60,51,63,2,5,3,0.286,0.352,0.403,0.754,0.327,5.7,-1.9,2.3,407.9,8370
Todd Frazier,Mets,137,574,501,118,23,1,26,70,81,60,127,8,8,5,0.235,0.324,0.443,0.767,0.327,2.3,-0.6,2.5,284.6,785
Max Kepler,Twins,133,560,501,129,28,4,19,67,73,49,109,4,7,3,0.257,0.326,0.443,0.769,0.327,2.2,1,1.7,289.5,12144
Devon Travis,Blue Jays,100,420,388,107,27,1,13,54,50,25,81,3,7,3,0.275,0.321,0.447,0.768,0.327,0.1,0.3,1.7,384.5,13862
Randal Grichuk,Blue Jays,142,595,551,134,33,4,32,77,91,35,182,5,6,4,0.243,0.292,0.494,0.786,0.327,3.7,0.5,2,288.9,10243
Kole Calhoun,Angels,152,637,563,145,27,3,21,81,77,62,131,6,4,2,0.257,0.335,0.426,0.761,0.327,5.1,0.3,2.5,282.8,11200
Gregory Polanco,Pirates,138,581,524,140,30,3,18,72,71,49,103,2,15,6,0.268,0.331,0.439,0.77,0.327,4.7,1.3,1.9,149.6,12907
Alex Avila,Diamondbacks,79,331,274,62,12,1,10,35,36,53,110,1,1,1,0.226,0.352,0.388,0.741,0.327,0.6,-1.3,1.2,328.4,7476
Derek Dietrich,Marlins,124,519,452,113,23,5,15,59,57,40,114,22,1,1,0.249,0.337,0.423,0.76,0.327,-4.3,-0.1,0.9,480.7,10542
Adam Jones,Orioles,150,630,588,159,26,2,28,79,85,29,112,7,3,1,0.271,0.31,0.463,0.774,0.326,-5.9,0.8,2,147.6,6368
Tommy Joseph,Rangers,13,56,52,13,3,0,3,7,8,3,12,0,0,0,0.258,0.306,0.469,0.775,0.326,-0.2,-0.1,0,565.9,10349
Stephen Piscotty,Athletics,138,581,511,130,30,2,17,69,70,58,125,7,6,5,0.254,0.336,0.421,0.757,0.326,3.6,-1.9,1.9,288.1,13367
Mitch Moreland,Red Sox,83,350,313,80,20,0,13,41,49,29,78,4,0,1,0.254,0.324,0.445,0.769,0.326,2.7,-0.8,0.7,409,3086
Luke Voit,Cardinals,32,136,122,32,6,1,4,16,17,11,29,2,0,0,0.263,0.329,0.431,0.76,0.326,0.2,0,0.4,669.2,14811
Eddie Rosario,Twins,147,616,575,156,31,4,23,79,82,32,126,2,10,7,0.272,0.31,0.462,0.772,0.325,4.4,0.2,1.9,123.2,12155
Kolten Wong,Cardinals,140,588,518,140,27,4,13,69,64,50,90,13,12,4,0.27,0.346,0.415,0.761,0.325,0.7,1.6,2.3,364.7,12532
Aaron Altherr,Phillies,117,491,439,108,24,4,19,60,68,40,129,8,8,4,0.246,0.318,0.448,0.766,0.325,1.3,-0.5,1.1,279.1,11270
Austin Hays,Orioles,23,98,92,26,5,1,4,12,13,4,19,1,1,1,0.277,0.309,0.459,0.769,0.325,-1.5,-0.3,0.1,344.2,19363
Brandon Guyer,Indians,50,210,182,47,11,1,5,25,22,14,41,11,3,1,0.256,0.344,0.397,0.74,0.325,0.4,0,0.5,709.3,2636
Mitch Haniger,Mariners,143,602,537,136,27,3,22,73,73,48,137,9,8,5,0.252,0.322,0.439,0.761,0.325,3.5,-0.8,2.1,216.1,14274
Rougned Odor,Rangers,153,644,597,153,30,4,31,85,92,32,139,9,14,8,0.256,0.301,0.475,0.776,0.325,-6,0.6,1.7,104.2,12282
Matt Kemp,Dodgers,31,130,120,32,7,0,6,16,20,8,30,0,1,0,0.265,0.31,0.467,0.777,0.325,-1.2,-0.4,0.2,310.1,5631
Melky Cabrera,,100,420,388,112,23,2,9,47,52,25,48,2,1,1,0.288,0.331,0.429,0.76,0.325,-5.4,-1.3,0.2,349.5,4022
Eduardo Nunez,Red Sox,93,392,368,107,23,1,9,48,48,17,53,3,18,7,0.291,0.325,0.435,0.761,0.325,-0.2,0.6,1.3,134.4,6848
Russell Martin,Blue Jays,107,448,380,88,16,0,16,54,56,54,112,9,2,3,0.231,0.338,0.405,0.742,0.324,3.4,-1.8,2.6,313.6,4616
Jordan Patterson,Rockies,10,42,38,10,2,0,1,5,5,3,11,1,1,0,0.258,0.318,0.442,0.76,0.324,0,0,0,999,15119
Ketel Marte,Diamondbacks,147,616,560,160,33,6,9,70,60,45,84,3,13,6,0.285,0.339,0.416,0.754,0.324,-2,0.6,1.5,340.9,13613
Jason Kipnis,Indians,137,574,512,134,33,3,15,72,62,48,115,6,11,4,0.261,0.329,0.424,0.753,0.324,-1.1,1,1.7,242.6,9776
Marwin Gonzalez,Astros,132,553,502,132,29,1,19,65,72,39,113,6,8,5,0.264,0.322,0.437,0.759,0.324,1.2,-0.5,1.8,119.1,5497
Marcus Semien,Athletics,142,595,532,134,28,3,21,76,68,54,129,2,12,4,0.252,0.322,0.434,0.756,0.323,-7.2,0.9,2.2,225.6,12533
Christian Walker,Diamondbacks,2,7,6,2,0,0,0,1,1,1,2,0,0,0,0.251,0.314,0.448,0.762,0.323,0,0,0,659,13419
Nick Delmonico,White Sox,137,574,510,125,27,1,23,69,73,54,138,4,5,2,0.244,0.32,0.435,0.755,0.323,1.2,-0.1,1.2,441.6,13157
Jason Heyward,Cubs,133,560,497,132,25,3,13,64,64,54,85,4,10,4,0.265,0.339,0.406,0.745,0.323,12.9,0.5,2.2,410,4940
Odubel Herrera,Phillies,150,630,572,157,32,4,15,76,61,45,138,6,14,7,0.274,0.332,0.423,0.755,0.323,4.3,0.3,2.4,212.3,11476
Jorge Soler,Royals,142,595,519,122,26,1,23,70,74,66,174,5,2,1,0.235,0.325,0.427,0.752,0.323,-1.8,0.1,0.6,390,14221
Stephen Vogt,Brewers,53,224,204,52,11,1,8,24,30,17,40,1,0,1,0.258,0.316,0.445,0.761,0.322,-2.6,-0.4,0.7,360.3,5000
Asdrubal Cabrera,Mets,133,560,504,132,30,2,17,66,62,44,95,5,4,2,0.263,0.325,0.429,0.754,0.322,-10.3,-1.7,0.8,312,4962
Paul DeJong,Cardinals,150,630,583,150,30,2,27,73,88,35,165,7,3,3,0.258,0.305,0.457,0.763,0.322,-3.9,-0.9,2.1,151.5,18015
Brad Miller,Rays,123,518,451,108,22,4,18,60,62,59,130,3,7,4,0.239,0.328,0.422,0.75,0.322,-1.5,0,0.8,454.2,12775
Jabari Blash,Angels,3,14,12,3,0,0,1,2,2,2,5,0,0,0,0.21,0.32,0.425,0.745,0.322,-0.1,0,0,692.6,11247
Brian McCann,Astros,107,448,394,95,14,1,20,54,66,41,81,7,1,0,0.241,0.322,0.43,0.752,0.321,-1,-1.4,2.3,217.7,4810
Austin Barnes,Dodgers,83,350,305,78,16,2,7,40,40,37,59,4,7,2,0.256,0.342,0.394,0.736,0.321,-0.4,0,1.7,197.3,12158
Robinson Chirinos,Rangers,114,480,419,96,21,2,21,59,60,43,126,11,3,1,0.229,0.314,0.434,0.749,0.321,2.1,-0.9,2.4,252.7,3142
Addison Russell,Cubs,125,525,469,117,27,3,19,62,71,45,119,6,4,2,0.249,0.321,0.437,0.758,0.321,9.2,0.2,2.8,264.4,14106
Clint Frazier,Yankees,22,91,82,20,4,1,4,11,12,8,24,1,2,1,0.245,0.311,0.446,0.756,0.321,-0.2,0,0.1,509.8,15983
Logan Forsythe,Dodgers,108,455,394,97,21,1,12,52,49,49,105,7,4,3,0.246,0.336,0.398,0.735,0.32,0.8,-0.5,1.6,421.9,7185
Cesar Hernandez,Phillies,150,630,553,150,23,7,8,77,45,66,117,4,16,8,0.271,0.352,0.378,0.73,0.32,-0.8,0.2,1.8,259.1,10556
Elvis Andrus,Rangers,153,644,588,165,34,4,12,80,69,43,88,3,23,10,0.28,0.331,0.414,0.745,0.32,-4.8,1.4,2.1,59.8,8709
Mike Ford,Mariners,3,14,12,3,1,0,0,2,2,2,3,0,0,0,0.242,0.336,0.404,0.74,0.32,0,0,0,668.8,sa708447
Gerardo Parra,Rockies,93,390,364,103,22,2,9,46,47,18,67,3,5,4,0.284,0.32,0.431,0.751,0.32,0.9,-1,-0.1,357.6,8553
Troy Tulowitzki,Blue Jays,127,532,479,122,22,0,20,60,69,43,102,5,1,1,0.254,0.32,0.429,0.748,0.32,1.5,-1.7,2.2,395,3531
Victor Martinez,Tigers,142,595,539,145,23,0,18,61,74,46,91,6,0,0,0.269,0.332,0.415,0.747,0.32,0,-4.5,-0.2,520.3,393
Luis Valbuena,Angels,115,483,419,95,20,1,20,56,64,56,121,3,1,2,0.227,0.32,0.426,0.746,0.32,-1.3,-1,0.8,517.1,4969
Derek Fisher,Astros,73,308,273,66,12,2,12,39,39,29,86,3,10,5,0.243,0.32,0.427,0.747,0.319,-1.4,-0.2,0.6,390.7,16192
Mark Zagunis,Cubs,5,21,18,4,1,0,1,2,2,3,5,0,0,0,0.234,0.34,0.386,0.726,0.319,-0.1,0,0,999,16565
Tyler O'Neill,Cardinals,5,21,19,5,1,0,1,3,3,2,6,0,0,0,0.243,0.304,0.451,0.755,0.319,0,0,0,643,sa737633
Adam Duvall,Reds,123,518,473,113,26,3,25,62,79,33,137,7,4,3,0.239,0.294,0.466,0.76,0.319,2.7,0,0.9,176.6,10950
Zack Cozart,Angels,142,595,535,137,25,5,18,73,68,50,94,4,4,2,0.256,0.322,0.424,0.746,0.319,11,-0.2,3.4,222.6,2616
Chris Taylor,Dodgers,150,630,568,148,32,6,14,79,64,52,143,4,17,8,0.26,0.325,0.415,0.74,0.319,2,1.3,2.4,93.6,13757
Vladimir Guerrero Jr.,Blue Jays,3,14,12,3,1,0,0,2,2,1,2,0,0,0,0.258,0.329,0.411,0.74,0.319,-0.1,0,0,547.5,sa920245
Josh Harrison,Pirates,133,560,515,143,30,4,12,66,55,26,89,12,13,6,0.277,0.324,0.417,0.742,0.318,-0.8,0.9,1.6,268.6,8202
Matt Chapman,Athletics,150,630,562,127,28,3,31,78,87,57,191,5,7,5,0.226,0.3,0.453,0.754,0.318,9.4,0.1,3.2,283.8,16505
Raimel Tapia,Rockies,29,121,113,33,6,2,2,14,12,5,20,1,4,2,0.293,0.326,0.419,0.745,0.318,0.1,0.1,0,388.5,14350
C.J. Cron,Rays,142,595,545,138,27,2,24,65,82,35,134,9,5,3,0.252,0.306,0.443,0.749,0.318,-0.1,-1.1,0.6,367.2,12546
Kevin Kiermaier,Rays,150,630,568,145,27,6,19,76,62,47,134,6,21,8,0.254,0.317,0.426,0.743,0.318,15.1,2.5,4.1,157.2,11038
Matt Holliday,,100,420,370,88,17,0,16,46,57,40,100,5,1,0,0.238,0.319,0.418,0.737,0.318,0,-1.4,-0.1,682.2,1873
Anthony Santander,Orioles,67,280,255,65,14,0,11,34,36,18,66,4,3,2,0.255,0.31,0.439,0.748,0.318,-1.5,-0.3,0.3,660.2,14551
Tyler Flowers,Braves,91,384,340,85,16,0,12,37,47,29,99,11,1,1,0.251,0.329,0.402,0.731,0.317,-3.1,-1.1,1.2,298,9134
Jurickson Profar,Rangers,60,252,222,58,11,1,5,29,25,23,37,3,3,1,0.26,0.338,0.386,0.724,0.317,0.5,0,0.7,547,10815
Adam Frazier,Pirates,70,293,264,74,14,3,3,34,26,23,39,3,7,5,0.28,0.342,0.386,0.728,0.317,0.5,0.1,0.7,413.2,15223
Dan Vogelbach,Mariners,33,140,122,30,5,0,4,16,16,16,31,1,1,0,0.244,0.332,0.398,0.731,0.317,-0.3,-0.1,0.2,606,14130
Ender Inciarte,Braves,150,630,576,166,26,5,9,79,49,44,80,3,19,8,0.288,0.339,0.395,0.734,0.317,6.8,1.2,2.5,121.4,4922
Yoan Moncada,White Sox,142,595,517,125,20,4,18,74,59,67,171,5,22,11,0.241,0.332,0.399,0.73,0.317,-0.2,0.4,2.1,132.4,17232
Byron Buxton,Twins,150,630,570,143,25,7,22,82,75,46,180,5,26,6,0.251,0.311,0.434,0.745,0.317,11.5,4.6,3.5,50.2,14161
Scooter Gennett,Reds,133,560,518,136,27,3,19,65,74,33,119,4,4,3,0.262,0.309,0.437,0.747,0.317,-5.6,-0.8,0.8,206.1,10339
Jed Lowrie,Athletics,142,595,529,138,33,2,11,69,60,57,95,3,1,0,0.261,0.335,0.396,0.73,0.317,-2.7,-1.2,1.6,420.4,4418
Jorge Polanco,Twins,67,280,254,69,14,2,6,32,33,20,42,1,6,3,0.269,0.323,0.415,0.738,0.317,-2.1,0,0.8,213.6,13152
Francisco Cervelli,Pirates,91,384,332,86,15,2,5,38,36,42,78,6,2,2,0.259,0.351,0.362,0.712,0.317,-2.7,-0.9,1.3,429.4,5275
Mike Tauchman,Rockies,42,178,161,45,8,2,3,20,18,13,32,1,6,3,0.278,0.332,0.404,0.736,0.316,0.3,-0.2,0,999,15274
Mike Zunino,Mariners,114,480,428,94,19,0,26,56,69,38,158,9,1,1,0.221,0.296,0.448,0.744,0.316,-0.8,-0.4,2.4,158.7,13265
J.T. Realmuto,Marlins,122,512,472,127,26,4,13,57,55,31,91,5,8,3,0.27,0.319,0.422,0.742,0.316,1.5,0.5,2.5,101.3,11739
Victor Robles,Nationals,21,90,81,21,4,1,2,10,9,5,18,3,4,2,0.262,0.325,0.407,0.732,0.316,0.5,-0.2,0.2,300.6,18363
Adrian Gonzalez,Mets,70,295,264,68,15,0,9,30,39,26,55,2,1,1,0.259,0.326,0.417,0.743,0.316,0.6,-1.3,0.2,504.5,1908
Jeimer Candelario,Tigers,137,574,514,128,33,3,16,64,66,50,127,5,1,1,0.249,0.319,0.417,0.736,0.316,-0.8,-0.3,1.6,339.4,13621
Devin Mesoraco,Reds,61,256,223,50,10,1,10,27,31,25,59,5,2,1,0.224,0.315,0.418,0.733,0.316,-2.9,-0.5,0.7,486.4,5666
Didi Gregorius,Yankees,147,616,571,153,28,2,21,72,80,31,83,7,5,2,0.268,0.31,0.433,0.743,0.316,0.7,1.5,2.6,117.4,6012
Travis d'Arnaud,Mets,91,384,350,89,19,1,14,41,48,27,65,3,1,0,0.255,0.312,0.431,0.743,0.315,-2.2,-0.5,1.5,288.1,7739
Chris Carter,Angels,8,35,30,6,1,0,2,4,5,4,12,0,0,0,0.211,0.303,0.437,0.74,0.315,-0.3,-0.1,0,999,9911
Ozzie Albies,Braves,148,623,565,150,28,8,13,75,64,45,122,5,22,8,0.265,0.322,0.412,0.734,0.315,6.1,1.4,2.3,122.9,16556
Tyler Naquin,Indians,15,63,57,15,3,1,2,7,7,5,17,0,1,1,0.261,0.323,0.414,0.736,0.315,-0.3,0,0.1,687.5,13359
Lonnie Chisenhall,Indians,100,420,380,98,22,2,12,47,55,30,85,4,4,2,0.259,0.317,0.424,0.741,0.315,-0.5,0.5,0.6,390.5,7571
Jose Pirela,Padres,131,550,505,133,27,5,15,61,62,35,100,4,9,5,0.264,0.314,0.423,0.737,0.315,1.5,-0.4,1.4,378.2,5485
Colby Rasmus,Orioles,108,455,407,94,17,1,22,54,64,42,144,2,4,1,0.23,0.303,0.443,0.746,0.315,4.4,1.1,1.3,550.8,9893
Victor Caratini,Cubs,6,26,23,6,1,0,1,3,3,2,5,0,0,0,0.264,0.327,0.407,0.734,0.315,-0.2,0,0.1,546.2,14968
Salvador Perez,Royals,125,525,495,129,25,1,23,59,74,20,99,5,1,0,0.26,0.294,0.458,0.752,0.315,6,-1.8,2.8,97.2,7304
Dominic Smith,Mets,50,210,193,50,10,1,7,23,26,15,42,1,1,0,0.262,0.315,0.421,0.736,0.315,1.3,-0.1,0.3,439.6,15653
Gleyber Torres,Yankees,58,245,219,54,10,1,8,29,28,21,62,2,7,6,0.247,0.318,0.412,0.73,0.315,-0.7,-1.2,0.6,290.3,sa830372
Brandon Crawford,Giants,152,637,570,147,32,4,17,67,82,53,127,5,5,4,0.258,0.324,0.418,0.742,0.315,8.8,-0.6,3.1,337.2,5343
Alex Dickerson,Padres,10,42,38,10,2,0,1,5,5,3,8,1,0,0,0.256,0.316,0.426,0.742,0.315,-0.3,0,0,629.2,12649
Danny Valencia,Orioles,58,245,223,57,10,1,8,28,31,19,58,1,1,1,0.255,0.314,0.422,0.736,0.315,-1.8,-0.9,0.3,618.4,6364
Hunter Pence,Giants,140,588,534,138,22,5,18,66,73,46,119,3,4,3,0.258,0.317,0.416,0.733,0.314,0.3,-0.4,0.9,432.9,8252
Eduardo Escobar,Twins,102,427,391,102,21,4,13,48,55,28,82,3,3,2,0.26,0.311,0.429,0.74,0.314,-1.8,0.1,1.3,444.5,6153
Miguel Andujar,Yankees,50,210,194,52,11,1,7,24,27,11,34,2,2,1,0.267,0.309,0.431,0.739,0.314,-0.7,-0.1,0.5,408,15878
Javier Baez,Cubs,142,597,549,141,26,2,25,72,84,34,156,7,13,5,0.258,0.307,0.448,0.755,0.314,3.5,1.4,1.9,102.7,12979
Starlin Castro,Marlins,142,595,556,152,29,1,18,64,70,29,107,4,3,1,0.274,0.313,0.426,0.738,0.314,-4.1,-0.8,1.1,282.3,4579
Ian Kinsler,Angels,142,595,541,139,25,3,17,81,61,41,94,7,11,5,0.258,0.317,0.412,0.729,0.313,6.5,0.3,2.7,184.3,6195
David Freese,Pirates,81,340,297,74,14,0,8,35,37,32,84,8,0,1,0.25,0.337,0.379,0.716,0.313,-0.4,-1.5,0.5,633,9549
Tyler Austin,Yankees,18,77,69,16,3,0,3,9,10,7,24,0,1,0,0.234,0.305,0.43,0.735,0.313,0.1,0,0,677.2,11850
Denard Span,Rays,117,490,443,118,22,3,10,60,41,38,65,3,12,5,0.265,0.326,0.397,0.724,0.313,-2.3,0.2,0.4,452.6,8347
Whit Merrifield,Royals,145,609,566,157,34,4,12,73,61,31,97,4,25,10,0.277,0.317,0.415,0.732,0.313,2.4,1.5,2.1,72.4,11281
Hunter Renfroe,Padres,63,266,248,61,13,1,12,30,37,14,71,2,2,1,0.246,0.29,0.455,0.745,0.313,0.2,0.2,0.5,312.5,15464
Tommy La Stella,Cubs,33,139,122,32,7,0,2,14,14,14,21,1,1,1,0.262,0.341,0.374,0.714,0.313,-0.3,-0.2,0.2,685.9,12371
Andrew Toles,Dodgers,50,210,196,53,11,1,5,25,24,10,42,2,7,4,0.271,0.311,0.424,0.735,0.313,2.8,-0.1,0.5,506.3,13414
Jayson Werth,,58,245,213,50,10,1,7,30,26,28,60,2,3,1,0.235,0.326,0.392,0.718,0.313,-3.6,0,-0.1,694.4,1327
Mike Napoli,Indians,25,105,91,19,3,0,5,12,14,12,33,1,1,0,0.213,0.309,0.42,0.73,0.312,0.1,-0.3,0,569.5,3057
Tim Beckham,Orioles,153,644,592,150,24,6,22,76,74,41,177,4,7,6,0.254,0.305,0.428,0.732,0.312,0.6,-1,1.8,261.4,7949
Nick Williams,Phillies,120,505,469,118,23,4,19,59,70,26,145,5,5,4,0.252,0.296,0.443,0.739,0.312,0.1,-1,0.4,301.2,14330
Mark Canha,Athletics,18,77,69,17,4,0,2,9,9,6,19,1,1,0,0.242,0.309,0.421,0.73,0.312,-0.4,0,0.1,999,11445
A.J. Reed,Astros,13,56,49,11,2,0,2,7,8,6,17,0,0,0,0.228,0.31,0.42,0.73,0.312,0,0,0,622.4,16246
Wilson Ramos,Rays,114,480,446,116,18,0,20,49,68,27,83,2,1,0,0.26,0.302,0.437,0.739,0.312,0.3,-2.1,2.1,156.9,1433
Brandon Drury,Yankees,100,420,388,101,24,1,12,45,50,24,83,4,2,1,0.261,0.309,0.423,0.732,0.312,-2.5,-0.6,0.8,362,11615
Nick Markakis,Braves,142,595,527,141,29,1,9,61,61,59,94,4,1,2,0.267,0.343,0.377,0.72,0.312,-2.3,-1.3,0.1,438.7,5930
Sam Travis,Red Sox,3,14,13,3,1,0,0,2,1,1,3,0,0,0,0.262,0.327,0.39,0.717,0.312,0.1,0,0,679.6,16263
Albert Almora Jr.,Cubs,92,385,358,99,20,2,9,42,45,19,60,1,4,2,0.275,0.312,0.419,0.732,0.312,1.5,-0.5,0.9,380,14109
Aledmys Diaz,Blue Jays,47,196,180,47,11,1,6,23,23,12,32,2,3,2,0.26,0.309,0.423,0.733,0.312,-1.4,-0.3,0.4,478.6,15937
Tyler White,Astros,50,210,187,45,9,0,7,25,27,18,50,2,1,1,0.241,0.313,0.411,0.724,0.311,-0.4,-0.2,0.1,647.3,15564
Jordan Luplow,Pirates,12,49,44,11,2,0,1,6,6,4,10,1,1,0,0.248,0.318,0.407,0.725,0.311,0.2,-0.1,0.1,674,16424
Jesus Aguilar,Brewers,5,21,19,5,1,0,1,2,3,2,6,0,0,0,0.239,0.304,0.427,0.731,0.311,0,0,0,527.3,11342
Jacoby Ellsbury,Yankees,50,210,188,49,9,2,4,27,21,18,33,2,8,2,0.261,0.329,0.387,0.716,0.311,-0.5,0.7,0.4,457.3,4727
Eric Sogard,Brewers,49,205,179,46,9,1,2,24,17,22,28,2,3,2,0.259,0.345,0.357,0.701,0.31,0.3,-0.1,0.4,613.4,7927
Preston Tucker,Braves,49,205,185,44,9,1,8,23,25,16,48,1,1,1,0.24,0.304,0.425,0.729,0.31,-1.7,-0.1,0,639.8,13633
Welington Castillo,White Sox,91,384,350,85,14,0,16,40,50,27,105,4,1,0,0.244,0.303,0.425,0.728,0.31,0,-1.2,1.6,168.9,3256
Yadier Molina,Cardinals,131,550,507,139,27,1,12,54,67,32,73,4,6,3,0.275,0.32,0.404,0.724,0.31,6.6,-2.7,2.5,149.4,7007
Ronald Guzman,Rangers,5,21,19,5,1,0,1,2,2,1,4,0,0,0,0.26,0.318,0.402,0.72,0.31,0,0,0,649.7,sa659670
Boog Powell,Athletics,37,154,137,36,6,1,2,18,14,14,27,1,4,3,0.265,0.333,0.374,0.707,0.31,0.1,-0.4,0.4,589.4,15103
Carlos Gomez,Rays,138,581,518,124,27,1,19,66,67,42,166,14,17,8,0.239,0.311,0.406,0.717,0.31,4,0.5,1.4,322.6,4881
Kyle Tucker,Astros,8,35,32,8,2,0,1,4,5,2,8,0,1,1,0.246,0.302,0.429,0.731,0.309,-0.1,-0.1,0,524.8,sa874240
Yunel Escobar,,83,350,318,86,15,1,6,38,29,26,47,3,2,2,0.272,0.33,0.378,0.708,0.309,-4.9,-1.9,0.1,672.7,4191
Garrett Cooper,Marlins,41,173,158,41,9,0,5,18,20,12,38,1,1,0,0.257,0.312,0.412,0.725,0.309,0.1,0,0.2,643.7,15279
Jean Segura,Mariners,147,616,569,156,27,3,13,77,56,33,93,7,23,9,0.274,0.32,0.4,0.72,0.309,-5,1,2,75.1,5933
Manuel Margot,Padres,133,560,514,135,21,8,12,63,50,36,96,3,19,9,0.263,0.313,0.407,0.72,0.309,7.2,0.3,2.2,140.8,14712
Jonathan Villar,Brewers,122,512,457,113,23,2,14,61,52,46,142,2,32,11,0.247,0.317,0.399,0.717,0.309,-5.3,1.4,0.5,177.2,10071
Bryce Brentz,Pirates,29,123,113,28,6,0,4,14,15,8,32,1,0,0,0.247,0.301,0.422,0.723,0.309,-0.4,-0.1,0.1,697.5,10607
Mikie Mahtook,Tigers,133,560,514,131,26,6,15,62,60,32,134,8,9,3,0.255,0.308,0.412,0.72,0.309,-0.3,0.5,0.6,341.2,13130
Austin Jackson,Giants,98,413,372,98,21,3,6,45,38,33,88,2,7,3,0.264,0.325,0.385,0.71,0.308,-4,0.2,0.5,552.9,9848
Jake Bauers,Rays,47,196,172,42,9,1,5,22,20,20,41,1,5,2,0.243,0.324,0.385,0.709,0.308,0.9,0.1,0.4,490.4,sa737848
Enrique Hernandez,Dodgers,98,411,365,86,20,2,13,48,46,40,96,2,4,2,0.235,0.311,0.408,0.72,0.308,-0.7,0.4,0.8,540.5,10472
Kevin Pillar,Blue Jays,150,630,586,158,38,2,14,72,62,30,96,6,16,7,0.269,0.309,0.411,0.72,0.308,10.4,1.1,2.7,329.3,12434
J.P. Crawford,Phillies,147,616,534,127,22,5,13,67,63,75,118,2,7,5,0.238,0.331,0.369,0.7,0.308,0.7,-0.8,1.6,373,15491
Chance Sisco,Orioles,61,256,230,58,12,0,6,29,28,19,66,4,2,1,0.253,0.319,0.39,0.709,0.308,-1.7,-0.1,0.8,349.6,15694
Dansby Swanson,Braves,133,560,496,127,27,4,10,60,58,56,118,3,5,3,0.255,0.333,0.385,0.717,0.308,-0.1,0.4,1.5,381.3,18314
Chase Headley,Padres,133,560,495,124,24,1,12,59,54,53,125,6,6,3,0.251,0.329,0.376,0.705,0.308,0.6,-0.2,1.3,410.8,4720
Rob Refsnyder,Indians,3,14,13,3,1,0,0,2,1,1,3,0,0,0,0.258,0.326,0.385,0.711,0.308,-0.1,0,0,999,13770
Bradley Zimmer,Indians,142,595,528,126,26,3,17,70,67,53,191,8,28,10,0.238,0.315,0.397,0.711,0.308,4.1,2,2,195.4,16221
Chris Young,Angels,38,161,143,33,8,1,5,18,17,15,36,2,2,1,0.232,0.309,0.406,0.715,0.308,-0.9,-0.1,0.2,692.6,3882
Colin Moran,Pirates,103,434,396,103,18,2,11,46,50,31,94,2,2,2,0.259,0.315,0.4,0.715,0.307,0.6,-0.8,0.8,406.8,16909
Alex Gordon,Royals,143,602,525,124,24,2,16,66,61,58,150,13,7,4,0.236,0.325,0.381,0.706,0.307,9.6,0.3,1.5,528.1,5209
Jose Osuna,Pirates,12,51,47,12,3,0,1,6,6,3,10,0,0,0,0.258,0.3,0.423,0.723,0.307,-0.1,-0.1,0,654.5,12937
Cory Spangenberg,Padres,19,79,72,18,3,1,2,8,8,6,19,1,2,1,0.258,0.316,0.395,0.711,0.307,-0.4,0.2,0.2,398.3,12294
Albert Pujols,Angels,133,560,517,132,18,0,22,58,89,36,80,3,3,1,0.255,0.305,0.42,0.724,0.307,-0.3,-2.9,-0.1,312.2,1177
Brandon Nimmo,Mets,66,279,242,57,11,2,6,31,25,32,71,2,2,2,0.237,0.331,0.366,0.697,0.307,-1.1,0,0.3,495.6,12927
Jordy Mercer,Pirates,142,595,534,140,26,4,13,59,64,49,95,4,2,3,0.261,0.326,0.399,0.725,0.307,-3.6,-0.4,1.2,504.2,6547
Andrelton Simmons,Angels,153,644,591,160,31,2,11,70,67,42,64,4,13,6,0.271,0.321,0.389,0.71,0.307,15.8,-0.3,3.8,213.9,10847
Chase Utley,Dodgers,83,348,312,77,17,3,7,39,35,26,64,7,4,1,0.246,0.316,0.39,0.706,0.307,0.2,0.3,0.7,999,1679
Rusney Castillo,Red Sox,3,14,13,4,1,0,0,2,2,1,2,0,0,0,0.271,0.308,0.407,0.715,0.307,0,0,0,646.8,17016
Jefry Marte,Angels,18,77,70,16,3,0,3,9,10,6,17,1,1,1,0.235,0.3,0.414,0.714,0.306,-0.2,-0.1,0.1,999,5107
James Loney,,25,105,97,27,4,0,2,10,11,7,12,1,0,0,0.275,0.325,0.386,0.71,0.306,-0.1,-0.4,-0.1,999,4556
Drew Robinson,Rangers,57,238,209,46,10,2,8,28,26,25,73,1,5,3,0.222,0.308,0.4,0.709,0.306,0.2,-0.3,0.2,651,11761
Austin Meadows,Pirates,12,49,45,11,3,0,1,5,6,3,9,0,1,1,0.253,0.307,0.412,0.719,0.306,0.2,0,0.1,497.6,sa737440
Kurt Suzuki,Braves,60,254,231,59,12,0,7,24,32,15,35,5,0,0,0.257,0.314,0.398,0.712,0.306,-1.7,-0.8,0.5,360.3,8259
Abraham Almonte,Indians,12,49,44,11,3,0,1,6,5,4,11,0,1,0,0.251,0.318,0.394,0.712,0.306,0,0,0,999,5486
Teoscar Hernandez,Blue Jays,30,126,114,27,6,1,4,15,15,9,34,1,4,2,0.239,0.301,0.416,0.716,0.306,0.6,-0.1,0.2,366.8,13066
Scott Kingery,Phillies,32,133,122,31,6,1,4,15,15,7,28,1,4,2,0.257,0.304,0.414,0.718,0.306,0.5,0.2,0.3,303.7,sa857705
Michael Taylor,Nationals,124,520,474,116,21,3,19,58,62,39,166,2,21,8,0.244,0.303,0.419,0.722,0.306,3.3,0.9,1.2,224.8,11489
Lewis Brinson,Marlins,142,595,539,132,26,5,18,65,66,44,137,5,15,8,0.244,0.305,0.413,0.718,0.306,3.7,-0.1,1.6,292.3,14352
Justin Williams,Rays,7,28,26,7,1,0,1,3,3,2,6,0,0,0,0.262,0.304,0.414,0.719,0.306,0,0,0,702.3,sa737559
Daniel Descalso,Diamondbacks,62,260,226,54,10,2,6,28,28,29,57,2,2,1,0.237,0.325,0.376,0.702,0.306,-1.1,0.2,0.1,648.3,8392
Austin Slater,Giants,2,7,6,2,0,0,0,1,1,1,2,0,0,0,0.258,0.316,0.389,0.705,0.306,0,0,0,676.2,16153
Cameron Maybin,Marlins,142,595,528,131,26,3,11,71,55,58,121,3,30,11,0.249,0.325,0.373,0.699,0.306,-2.5,1.5,0.3,337.6,5223
Cheslor Cuthbert,Royals,97,406,372,95,20,2,11,42,44,28,79,1,2,1,0.255,0.307,0.402,0.709,0.305,-0.7,-0.6,0,575.6,10473
J.D. Davis,Astros,30,126,115,27,6,0,5,14,16,9,38,1,1,1,0.236,0.294,0.422,0.716,0.305,0,-0.1,0,668.8,16219
Martin Prado,Marlins,117,490,451,123,23,2,8,50,49,31,64,3,2,1,0.272,0.321,0.385,0.706,0.305,2.5,-1.4,1,554.3,3312
Brock Holt,Red Sox,12,49,44,11,2,0,1,6,4,4,9,0,1,0,0.259,0.33,0.361,0.692,0.304,-0.3,0.1,0.1,685.5,9345
Tucker Barnhart,Reds,84,352,311,80,17,1,6,30,36,34,59,2,2,1,0.258,0.332,0.382,0.714,0.304,6.3,-0.9,1.6,324,10200
Jose Marmolejos,Nationals,2,7,6,2,0,0,0,1,1,1,2,0,0,0,0.254,0.312,0.395,0.708,0.304,0,0,0,999,sa598311
Jose Reyes,Mets,54,228,207,52,9,2,5,28,22,17,33,1,8,3,0.252,0.31,0.396,0.706,0.304,-2.6,0.6,0.3,328.7,1736
Francisco Mejia,Indians,12,51,48,12,3,0,1,6,6,3,9,0,1,0,0.259,0.301,0.414,0.715,0.304,0,0,0.2,349.1,16403
Renato Nunez,Athletics,5,21,19,4,1,0,1,2,3,1,6,0,0,0,0.231,0.284,0.435,0.718,0.304,-0.2,0,0,701.2,14503
Matt Duffy,Rays,125,525,481,126,22,3,11,56,55,33,91,5,10,4,0.262,0.314,0.388,0.701,0.304,1.3,0.2,1.5,451,13836
Jake Smolinski,Athletics,25,105,95,23,5,1,3,11,11,7,19,2,1,1,0.246,0.308,0.395,0.703,0.304,-0.4,-0.2,0.1,678.9,5408
Jorge Bonifacio,Royals,67,280,254,61,11,2,9,31,30,21,74,2,2,1,0.241,0.303,0.402,0.705,0.304,-0.2,-0.1,0.1,407.8,12174
Brian Goodwin,Nationals,49,206,185,45,10,1,6,24,22,17,55,1,4,2,0.242,0.307,0.4,0.708,0.303,-0.7,0,0.1,594.3,12858
Jon Jay,Royals,125,525,468,126,22,3,4,60,41,37,98,13,6,3,0.269,0.338,0.353,0.691,0.303,-1.9,-0.1,0.5,583.6,5227
Jason Castro,Twins,114,480,422,97,23,1,13,53,53,48,136,4,2,1,0.23,0.314,0.384,0.698,0.303,3.3,-0.6,1.9,380,8722
Chris Owings,Diamondbacks,69,288,268,71,16,3,6,31,32,14,62,2,9,3,0.265,0.304,0.409,0.713,0.303,-1.1,0.9,0.2,244.3,10030
Alex Verdugo,Dodgers,30,126,115,30,6,1,2,13,13,9,17,1,2,1,0.262,0.317,0.385,0.702,0.303,-0.4,-0.1,0.1,541.7,17027
Brian Anderson,Marlins,51,215,194,47,9,1,6,23,24,16,50,3,1,0,0.244,0.309,0.393,0.702,0.303,0.5,0,0.4,541.5,18289
Noel Cuevas,Rockies,3,14,13,4,1,0,0,1,1,1,3,0,0,0,0.27,0.307,0.403,0.71,0.303,0.1,0,0,999,sa549566
Tony Kemp,Astros,3,14,13,3,0,0,0,2,1,1,2,0,0,0,0.27,0.324,0.37,0.694,0.303,-0.1,0,0,692.5,14894
Mitch Garver,Twins,38,160,142,34,8,1,4,18,18,15,40,1,1,1,0.237,0.313,0.384,0.697,0.303,0.3,-0.1,0.6,562.3,15161
Delino DeShields,Rangers,143,602,519,128,21,3,10,84,39,62,148,4,37,13,0.246,0.329,0.356,0.685,0.303,-1.9,4.4,1.2,193.6,11379
Dustin Fowler,Athletics,122,511,482,123,25,7,15,58,65,21,102,3,16,9,0.256,0.289,0.428,0.717,0.303,-5.3,-0.6,0.6,364.3,17098
Ryon Healy,Mariners,137,574,540,138,26,1,21,62,71,25,133,3,1,1,0.256,0.291,0.422,0.713,0.303,-1.5,-0.7,0.1,221.7,15447
Greg Garcia,Cardinals,56,237,204,50,9,1,2,23,19,26,50,4,3,1,0.247,0.342,0.337,0.679,0.303,0.1,0.3,0.4,677.8,10951
Dilson Herrera,Reds,26,109,99,24,5,1,3,12,13,7,26,1,2,2,0.245,0.301,0.403,0.704,0.303,0.2,-0.3,0.1,698.1,14335
Matt Wieters,Nationals,99,416,377,94,19,1,12,41,51,32,83,2,1,0,0.249,0.309,0.396,0.705,0.302,-0.5,-0.8,1.1,327.3,4298
Angel Pagan,,33,140,127,33,6,1,3,16,14,10,23,1,3,1,0.259,0.314,0.384,0.697,0.302,-1,-0.1,-0.1,999,2918
Alex Blandino,Reds,7,28,25,6,1,0,1,3,3,3,7,0,0,0,0.233,0.313,0.378,0.692,0.302,0,-0.1,0,999,sa602521
Casey Gillaspie,White Sox,2,7,6,1,0,0,0,1,1,1,2,0,0,0,0.231,0.305,0.397,0.702,0.302,0,0,0,705,sa827177
Orlando Arcia,Brewers,142,595,547,142,24,4,16,62,64,39,106,2,15,8,0.259,0.309,0.403,0.711,0.302,0.4,0,1.1,182.9,13185
Luis Urias,Padres,90,378,334,86,14,3,3,38,30,34,52,5,5,5,0.258,0.334,0.35,0.684,0.302,0.2,-1.1,0.7,594.1,sa828496
Shed Long,Reds,3,14,13,3,1,0,0,1,2,1,4,0,0,0,0.239,0.302,0.401,0.703,0.302,-0.1,0,0,999,sa738578
James McCann,Tigers,114,480,439,110,20,2,13,47,55,29,115,6,2,1,0.25,0.304,0.396,0.7,0.302,4.6,-1.3,1.9,299.1,12859
Ehire Adrianza,Twins,27,112,100,26,5,1,2,13,12,8,19,1,3,1,0.256,0.318,0.377,0.695,0.301,0.2,0,0.3,686,8418
Rio Ruiz,Braves,51,215,191,45,9,1,6,23,25,20,57,1,1,1,0.233,0.308,0.391,0.698,0.301,0.1,-0.1,0.3,670.6,14103
Keon Broxton,Brewers,30,127,112,24,5,1,5,15,14,13,46,1,6,2,0.216,0.3,0.4,0.7,0.301,0.3,0.2,0.1,344.3,9253
Jeremy Hazelbaker,Diamondbacks,7,29,26,6,1,0,1,3,3,2,9,0,1,0,0.235,0.3,0.409,0.709,0.301,0,0.1,0,635.3,9399
Pat Valaika,Rockies,67,280,260,66,14,1,9,30,35,13,70,1,4,3,0.252,0.289,0.42,0.709,0.301,0.5,-0.1,-0.2,576.1,14885
Ryan Schimpf,Braves,24,100,87,17,3,0,5,12,14,11,35,1,0,0,0.197,0.291,0.413,0.705,0.301,-0.5,0.2,0.1,667,9953
Billy McKinney,Yankees,3,14,13,3,1,0,0,2,2,1,3,0,0,0,0.241,0.303,0.398,0.701,0.301,0.1,0,0,666.3,sa737528
Hernan Perez,Brewers,57,240,226,59,11,2,6,25,28,11,45,1,8,3,0.263,0.296,0.412,0.708,0.301,1.2,0.6,0.4,384.7,5751
Mike Gerber,Tigers,33,140,128,31,6,1,4,15,16,10,38,1,2,1,0.244,0.298,0.405,0.703,0.301,-0.1,-0.1,0,704,sa550125
Jarrett Parker,Giants,15,65,58,13,3,0,2,7,7,6,21,1,1,1,0.228,0.308,0.388,0.696,0.301,0.1,0,0.1,689.7,11624
Harrison Bader,Cardinals,17,70,64,16,3,0,2,8,8,4,19,1,2,1,0.244,0.299,0.4,0.7,0.301,0.2,-0.1,0.1,565.9,18030
Roberto Perez,Indians,76,320,275,60,14,1,9,34,38,36,87,2,1,1,0.218,0.31,0.377,0.687,0.3,3,-0.8,1.2,578.4,2900
Rob Segedin,Dodgers,15,65,59,14,3,0,2,7,8,4,15,1,0,0,0.242,0.3,0.397,0.697,0.3,0,-0.1,0.1,999,11446
Danny Jansen,Blue Jays,12,51,46,12,3,0,1,6,5,4,7,1,0,0,0.251,0.315,0.377,0.692,0.3,-0.1,0,0.2,637,sa738162
Miguel Montero,Nationals,41,173,150,35,5,0,5,17,20,19,40,2,1,1,0.231,0.322,0.366,0.689,0.299,-2.2,-0.6,0.2,680.7,3364
Steve Clevenger,,61,256,231,59,11,1,4,24,25,20,45,2,2,1,0.256,0.318,0.37,0.687,0.299,-0.3,-0.8,0.7,999,9542
Rowdy Tellez,Blue Jays,2,7,6,2,0,0,0,1,1,1,2,0,0,0,0.241,0.302,0.396,0.699,0.299,0,0,0,698.9,sa738437
Zack Granite,Twins,20,84,76,21,3,1,1,9,7,6,10,0,5,2,0.27,0.322,0.361,0.683,0.299,0.1,0,0.1,638.9,15343
Brett Phillips,Brewers,7,28,25,6,1,0,1,3,3,2,10,0,1,0,0.223,0.297,0.403,0.7,0.299,0.3,0,0,534.5,14735
Ben Gamel,Mariners,117,490,448,113,22,4,9,54,50,35,109,2,7,3,0.253,0.308,0.385,0.693,0.298,0.1,0.4,0.4,443.5,12160
Phillip Ervin,Reds,60,251,223,52,11,1,7,28,26,21,60,3,11,4,0.231,0.306,0.38,0.686,0.298,0.8,0.4,0.2,660.8,14738
Kyle Higashioka,Yankees,8,32,29,7,1,0,1,4,5,2,7,0,0,0,0.236,0.286,0.418,0.704,0.298,-0.2,0,0.1,999,5517
Kevin Plawecki,Mets,53,224,202,51,10,0,5,21,24,16,39,3,1,0,0.25,0.311,0.381,0.692,0.298,0,0,0.7,553,13807
Dawel Lugo,Tigers,57,238,225,60,10,2,6,25,25,10,34,1,1,1,0.265,0.296,0.403,0.699,0.298,0.7,0,0.4,999,sa659207
Alejandro De Aza,,67,280,250,60,12,3,5,31,28,24,61,3,4,2,0.242,0.313,0.378,0.69,0.298,-0.8,-0.2,-0.1,999,3371
Miguel Gomez,Giants,2,7,7,2,0,0,0,1,1,0,1,0,0,0,0.274,0.298,0.4,0.698,0.298,0,0,0,999,17075
Tom Murphy,Rockies,38,160,148,35,8,1,6,18,22,9,52,1,1,1,0.234,0.284,0.418,0.703,0.298,-0.6,-0.1,0,453.8,13499
Taylor Motter,Mariners,25,105,95,23,5,0,3,12,12,8,21,1,4,1,0.24,0.3,0.391,0.692,0.298,-0.5,0.1,0.2,623,12399
Jarrod Dyson,Diamondbacks,58,245,219,56,8,3,2,29,21,18,37,4,17,5,0.258,0.322,0.359,0.681,0.298,5.2,1.7,0.5,396.4,4866
Brandon Phillips,,117,490,462,126,24,1,9,56,49,17,62,6,9,6,0.273,0.305,0.388,0.693,0.297,-0.9,-1.8,0.4,422.2,791
Manny Pina,Brewers,76,320,293,73,16,1,8,33,36,20,64,4,2,1,0.249,0.302,0.387,0.689,0.297,2.6,-0.4,0.9,353.1,2829
Stephen Drew,,17,70,63,14,4,0,2,7,9,6,14,0,0,0,0.229,0.296,0.396,0.693,0.297,-0.2,-0.2,0,747,4251
Jose Peraza,Reds,133,560,521,143,19,6,7,57,49,24,74,6,26,10,0.275,0.313,0.375,0.687,0.297,0.7,1.3,1.1,208.8,13593
Sean Rodriguez,Pirates,66,278,248,55,11,1,10,31,31,21,88,5,2,1,0.223,0.296,0.396,0.692,0.297,-1,-0.5,0.1,633.5,6589
Ryan O'Hearn,Royals,8,35,32,7,2,0,1,4,4,3,10,0,0,0,0.23,0.293,0.401,0.693,0.297,-0.1,0,0,684,sa829141
Carson Kelly,Cardinals,11,45,41,10,2,0,1,5,5,3,8,0,0,0,0.246,0.31,0.369,0.679,0.297,0.3,-0.1,0.1,533.6,13620
Chad Pinder,Athletics,107,448,414,99,21,2,15,49,52,23,124,6,5,3,0.239,0.287,0.406,0.693,0.296,-2.2,-1,0,450.9,15191
Dwight Smith,Blue Jays,2,7,6,2,0,0,0,1,1,1,1,0,0,0,0.245,0.307,0.377,0.683,0.296,0,0,0,999,13473
Leury Garcia,White Sox,83,350,323,83,13,2,8,39,34,17,77,4,12,6,0.257,0.301,0.387,0.688,0.296,1.1,-0.1,0.3,502.9,5913
Christian Vazquez,Red Sox,107,448,411,107,22,2,7,49,44,28,87,4,7,3,0.26,0.311,0.371,0.682,0.296,2.7,-0.5,1.4,298.7,9774
T.J. Rivera,Mets,19,79,74,20,4,0,1,8,8,3,12,1,0,0,0.27,0.306,0.381,0.687,0.296,-0.1,0,0,643.9,12495
Pablo Sandoval,Giants,38,160,147,37,7,0,4,16,18,10,28,1,0,0,0.251,0.3,0.389,0.689,0.296,-0.8,-0.8,0,677.7,5409
Josh Phegley,Athletics,21,90,82,19,5,0,3,10,11,5,17,1,0,0,0.237,0.29,0.401,0.691,0.296,-0.2,-0.2,0.3,621.4,9308
Ildemaro Vargas,Diamondbacks,3,14,13,3,1,0,0,1,1,1,1,0,0,0,0.268,0.308,0.376,0.684,0.296,-0.1,0,0,999,13324
Breyvic Valera,Cardinals,7,28,26,7,1,0,0,3,2,2,3,0,1,0,0.273,0.322,0.354,0.677,0.296,0,-0.1,0,999,12758
Dylan Cozens,Phillies,14,57,51,11,2,0,2,7,8,5,21,0,1,0,0.213,0.283,0.411,0.694,0.296,0,0,0,699.8,sa657955
Nick Solak,Rays,2,7,6,2,0,0,0,1,1,1,2,0,0,0,0.244,0.311,0.367,0.678,0.296,0,0,0,999,sa874054
Jose Iglesias,Tigers,142,595,550,148,31,1,7,64,53,30,70,6,10,5,0.269,0.312,0.369,0.681,0.296,4.2,-0.3,1.6,529,10231
Scott Van Slyke,Marlins,60,250,220,49,11,0,6,25,25,24,68,4,3,2,0.225,0.31,0.367,0.677,0.296,0.7,-0.4,0,678.2,4365
Christian Villanueva,Padres,32,133,121,28,6,0,4,14,16,9,30,1,1,1,0.234,0.29,0.404,0.693,0.295,0.1,-0.1,0.2,659.1,11738
Carlos Asuaje,Padres,30,126,113,28,5,1,2,13,10,11,24,1,1,1,0.246,0.315,0.358,0.673,0.295,-0.2,-0.2,0.1,590.1,15197
Gregor Blanco,Giants,31,130,114,28,5,1,1,15,10,14,28,1,5,2,0.244,0.325,0.346,0.671,0.295,-0.6,0.3,0.1,701.8,3123
Daniel Robertson,Rays,92,385,338,79,14,3,7,38,34,36,92,6,3,2,0.235,0.317,0.352,0.669,0.295,1.3,-0.5,0.7,679.3,14145
Andrew Knapp,Phillies,15,64,57,13,3,0,2,7,6,6,18,0,0,0,0.232,0.309,0.372,0.681,0.295,-0.4,0,0.1,640.2,14942
Jake Cave,Twins,10,42,39,9,2,0,1,5,5,3,12,0,0,0,0.244,0.294,0.394,0.688,0.295,-0.1,0,0,999,sa597983
Andres Blanco,Giants,5,21,19,5,1,0,0,2,2,1,4,0,0,0,0.246,0.306,0.372,0.677,0.295,-0.2,-0.1,0,999,1907
Cameron Rupp,Phillies,53,224,202,45,10,0,8,22,27,19,68,2,1,0,0.221,0.292,0.397,0.689,0.295,-0.7,-0.4,0.4,499,11146
Guillermo Heredia,Mariners,35,147,131,33,6,0,2,16,12,11,23,3,1,1,0.253,0.321,0.348,0.67,0.294,0.3,-0.3,0.1,680.4,18721
Daniel Palka,White Sox,3,14,13,3,0,0,1,2,2,1,4,0,0,0,0.222,0.282,0.412,0.694,0.294,0,0,0,999,sa549449
Yan Gomes,Indians,61,256,234,54,11,1,10,28,35,15,66,4,0,0,0.23,0.284,0.406,0.689,0.294,2.1,-0.1,0.9,393.9,9627
Dalton Pompey,Blue Jays,8,35,31,8,1,0,1,4,3,3,8,0,1,0,0.242,0.31,0.362,0.672,0.294,0.1,0.1,0,999,12797
Franchy Cordero,Padres,98,413,385,93,15,6,11,45,46,22,130,3,10,5,0.243,0.288,0.403,0.691,0.294,2.3,0.2,0.3,511.5,14567
Ramon Laureano,Athletics,3,14,13,3,1,0,0,2,1,1,3,0,1,0,0.235,0.301,0.375,0.677,0.294,0.1,0,0,999,sa829185
Yolmer Sanchez,White Sox,122,511,468,116,21,5,11,53,53,30,110,4,9,6,0.248,0.298,0.385,0.683,0.294,4.7,-0.9,1.1,436.6,11602
Patrick Kivlehan,Reds,2,7,6,1,0,0,0,1,1,1,2,0,0,0,0.225,0.29,0.394,0.684,0.293,-0.1,0,0,678.8,13910
Willy Adames,Rays,8,35,31,7,1,0,1,4,3,3,9,0,1,0,0.237,0.31,0.36,0.67,0.293,-0.1,0,0.1,479.4,sa736655
A.J. Ellis,Padres,38,160,140,31,6,0,4,15,17,15,30,3,1,0,0.223,0.309,0.361,0.67,0.293,1.1,-0.7,0.5,999,5677
Jett Bandy,Brewers,20,83,75,17,4,0,3,9,10,5,18,2,0,0,0.226,0.29,0.391,0.681,0.293,0.1,-0.2,0.2,682.7,12508
Bruce Maxwell,Athletics,21,90,80,19,4,0,2,9,9,8,20,0,0,0,0.24,0.31,0.358,0.669,0.293,0.4,-0.2,0.3,457.8,13866
Freddy Galvis,Padres,133,560,516,130,24,5,12,58,55,33,100,3,11,4,0.253,0.299,0.385,0.685,0.293,1.1,0.5,1.2,370.5,6609
Dee Gordon,Mariners,148,623,583,164,20,7,4,78,39,27,91,5,46,15,0.282,0.317,0.357,0.674,0.293,3.7,4.3,1.9,28.5,8203
Johan Camargo,Braves,124,520,481,125,27,4,8,49,52,26,98,3,2,1,0.26,0.299,0.386,0.686,0.293,2.7,0,0.6,438.4,14950
Leonys Martin,Tigers,100,420,386,96,16,3,10,48,42,26,99,3,19,7,0.248,0.298,0.384,0.682,0.293,4,1.4,1,426,11846
Marco Hernandez,Red Sox,7,28,26,7,1,0,0,3,3,1,6,0,0,0,0.264,0.298,0.384,0.683,0.293,-0.2,0,0,668.3,13154
Max Moroff,Pirates,10,41,35,8,1,0,1,4,4,5,11,0,1,1,0.218,0.319,0.341,0.659,0.292,0,-0.1,0,702,14556
Omar Narvaez,White Sox,38,160,141,36,5,0,2,15,11,16,24,1,0,0,0.253,0.33,0.326,0.656,0.292,-0.9,-0.1,0.4,659.1,13338
Kevan Smith,White Sox,21,90,82,21,4,0,2,9,9,5,17,1,0,0,0.251,0.3,0.373,0.674,0.292,-0.6,-0.1,0.2,633.3,12284
David Wright,Mets,4,15,13,3,1,0,0,2,1,2,4,0,0,0,0.229,0.31,0.356,0.666,0.292,0,0,0,999,3787
Matt Szczur,Padres,40,167,148,35,7,1,3,17,15,15,33,2,3,2,0.238,0.313,0.351,0.664,0.292,-0.2,0.1,0.1,999,11255
Ben Revere,Reds,2,7,7,2,0,0,0,1,1,0,1,0,0,0,0.278,0.313,0.354,0.668,0.291,0,0,0,544.3,4712
Ryan Rua,Rangers,10,42,38,9,2,0,1,5,4,3,13,0,1,0,0.231,0.292,0.383,0.675,0.291,0.1,0,0,701.2,12409
Tomas Telis,Marlins,17,71,66,17,3,1,1,7,7,3,9,1,1,0,0.264,0.305,0.367,0.672,0.291,-0.6,0,0.1,668.6,10067
Christian Arroyo,Rays,58,245,227,58,12,1,5,24,25,13,46,2,2,1,0.255,0.299,0.379,0.678,0.291,0.8,-0.2,0.4,535.4,16434
David Bote,Cubs,2,7,6,2,0,0,0,1,1,0,2,0,0,0,0.239,0.301,0.369,0.67,0.29,0,0,0,737,sa658323
Chris Herrmann,Diamondbacks,12,51,46,10,2,0,1,6,6,5,13,0,1,0,0.223,0.299,0.37,0.669,0.29,0.1,0.1,0.1,537,9284
Jake Marisnick,Astros,52,217,198,45,9,1,8,28,25,13,66,3,9,4,0.228,0.283,0.396,0.679,0.29,1,0.5,0.4,536,11339
Chris Gimenez,Cubs,23,96,84,18,3,0,3,10,9,10,26,1,1,0,0.216,0.302,0.359,0.661,0.29,-0.6,-0.2,0.1,999,7324
Anthony Alford,Blue Jays,22,91,81,19,4,0,2,10,8,8,24,1,3,1,0.234,0.307,0.356,0.663,0.29,1.2,0.1,0.1,559.8,14329
Tyler Wade,Yankees,32,133,119,29,5,1,2,15,12,11,30,1,6,2,0.24,0.307,0.354,0.661,0.29,0.1,0.3,0.2,632,15730
Dixon Machado,Tigers,128,539,485,123,23,2,6,54,43,41,89,4,9,4,0.253,0.314,0.345,0.659,0.29,2.8,-0.4,0.7,560,11472
Raudy Read,Nationals,5,19,18,4,1,0,0,2,2,1,4,0,0,0,0.247,0.29,0.386,0.676,0.29,-0.1,0,0,999,15766
Max Stassi,Astros,8,32,29,6,1,0,1,4,4,3,10,0,0,0,0.215,0.29,0.376,0.666,0.289,-0.1,0,0.1,658.3,10059
Sandy Leon,Red Sox,30,128,115,27,6,0,3,14,13,10,30,1,0,0,0.237,0.302,0.364,0.666,0.289,1.3,-0.2,0.4,553.3,5273
Dioner Navarro,,61,256,232,54,9,1,7,25,28,19,54,2,2,2,0.235,0.295,0.373,0.668,0.289,-1.7,-1.1,0.3,999,3179
Ichiro Suzuki,Mariners,53,224,203,53,8,1,2,23,18,16,34,2,3,1,0.259,0.317,0.343,0.659,0.289,0.3,-0.2,0,999,1101
Miguel Rojas,Marlins,78,326,295,77,15,2,2,32,27,22,37,3,3,2,0.263,0.318,0.35,0.668,0.289,0.9,-0.5,0.4,688.5,7802
Tim Locastro,Dodgers,10,42,38,10,2,0,1,4,4,2,6,1,2,1,0.253,0.306,0.356,0.662,0.289,-0.3,0,0,645.3,15124
Tim Anderson,White Sox,150,630,602,156,27,5,15,69,60,18,164,3,17,6,0.258,0.282,0.395,0.678,0.289,-3,1.1,0.9,196.5,15172
Mac Williamson,Giants,12,51,46,11,2,0,2,5,6,3,15,1,0,0,0.229,0.289,0.383,0.672,0.289,-0.1,0,0,999,14158
Amed Rosario,Mets,147,616,577,149,23,9,10,60,56,28,125,5,19,9,0.258,0.295,0.377,0.672,0.289,3.7,-0.1,1.3,242.9,15518
Ryan Howard,,42,175,161,35,7,0,9,17,27,10,54,1,0,0,0.219,0.269,0.423,0.691,0.289,-2.1,-0.5,-0.5,999,2154
Gorkys Hernandez,Giants,24,100,90,22,5,0,1,10,8,8,21,1,3,1,0.249,0.316,0.343,0.659,0.289,0,0.1,0,732,4146
Wilmer Difo,Nationals,59,248,228,59,10,2,4,26,22,15,47,2,8,3,0.259,0.307,0.364,0.672,0.289,1.3,0.6,0.2,451.1,14320
Ryder Jones,Giants,7,28,26,6,1,0,1,3,3,2,7,0,0,0,0.237,0.29,0.383,0.673,0.288,-0.2,0,0,999,15982
Mallex Smith,Rays,108,455,410,101,15,6,5,49,36,36,102,2,31,12,0.246,0.309,0.349,0.658,0.288,3.4,1.3,0.4,315.3,13608
Gavin Cecchini,Mets,10,43,39,10,2,0,1,4,4,3,7,0,0,0,0.251,0.306,0.355,0.66,0.288,-0.1,0,0,999,17005
Carlos Tocci,Rangers,30,126,116,31,5,1,1,12,11,6,22,1,1,1,0.264,0.308,0.351,0.659,0.288,0.5,-0.3,0,999,sa660101
Steven Duggar,Giants,67,280,250,58,11,2,5,28,24,26,77,1,7,5,0.233,0.308,0.346,0.654,0.288,0.3,-0.6,0.2,582.4,sa827165
Kelby Tomlinson,Giants,49,207,185,48,7,1,1,21,15,17,37,1,8,3,0.257,0.323,0.326,0.649,0.287,0,0.6,0.2,684,13005
Andrew Susac,Orioles,12,51,45,10,2,0,2,6,6,5,15,0,0,0,0.212,0.29,0.375,0.665,0.287,-0.4,0,0.1,676,13132
Thairo Estrada,Yankees,2,7,6,2,0,0,0,1,1,0,1,0,0,0,0.258,0.302,0.356,0.659,0.287,0,0,0,999,sa739620
Mauricio Dubon,Brewers,5,21,19,5,1,0,0,2,2,1,3,0,1,0,0.253,0.299,0.363,0.662,0.287,0,0,0,670.1,sa738378
Austin Hedges,Padres,99,416,386,89,18,1,16,40,53,21,104,3,4,2,0.232,0.275,0.404,0.679,0.287,5.3,-0.1,1.4,252.7,12976
Taylor Davis,Cubs,1,6,6,1,0,0,0,1,1,0,1,0,0,0,0.242,0.299,0.361,0.659,0.287,-0.1,0,0,999,12782
Allen Cordoba,Padres,12,50,45,11,2,0,1,5,4,4,10,1,1,1,0.24,0.302,0.358,0.66,0.286,0.1,0,0,693.8,15722
Joey Rickard,Orioles,35,147,133,33,7,0,2,16,12,10,31,2,3,1,0.245,0.304,0.35,0.654,0.286,-0.4,0.2,-0.1,700.7,13277
Tzu-Wei Lin,Red Sox,3,14,13,3,1,0,0,1,1,1,3,0,0,0,0.247,0.303,0.353,0.656,0.286,0,0,0,667.3,14678
Giovanny Urshela,Indians,53,224,210,53,10,1,4,23,23,10,35,1,0,1,0.255,0.293,0.371,0.664,0.286,0.9,-0.4,0.2,999,10681
Peter Bourjos,Cubs,8,35,32,7,2,0,1,4,3,2,9,0,1,1,0.232,0.287,0.381,0.668,0.286,0,0,0,999,2578
Juan Lagares,Mets,42,175,162,41,8,1,3,18,15,8,35,2,4,2,0.253,0.294,0.37,0.664,0.286,3.1,0.1,0.4,619.7,5384
Franklin Barreto,Athletics,30,126,117,28,5,1,3,13,13,6,35,1,4,2,0.241,0.287,0.38,0.667,0.286,-0.3,-0.1,0.1,451.2,15519
Nick Ahmed,Diamondbacks,125,525,482,117,22,4,12,54,51,32,102,4,9,6,0.243,0.294,0.377,0.671,0.286,5,-0.3,0.5,635.5,12147
Raul Mondesi,Royals,47,196,180,43,8,2,5,21,21,9,54,1,10,3,0.239,0.279,0.394,0.673,0.286,0,0.9,0.3,371.4,13769
Adeiny Hechavarria,Rays,133,560,522,136,20,6,7,54,50,28,91,3,6,3,0.261,0.3,0.366,0.666,0.286,2.8,-0.2,1.2,543.8,10459
Erick Aybar,Twins,18,77,70,18,4,0,1,8,7,5,11,1,2,1,0.255,0.307,0.353,0.66,0.286,-0.4,-0.1,0,660.3,4082
Cam Perkins,Mariners,2,7,6,2,0,0,0,1,1,0,1,0,0,0,0.241,0.294,0.366,0.66,0.285,-0.1,0,0,999,13444
Matt Davidson,White Sox,133,560,510,106,20,1,25,59,72,39,202,6,1,1,0.208,0.27,0.397,0.667,0.284,-0.6,-1.1,-1.2,435.5,7226
John Hicks,Tigers,55,233,218,53,10,1,6,24,26,11,60,2,4,2,0.243,0.282,0.38,0.662,0.284,0.7,-0.2,0.1,635.5,12547
Trayce Thompson,Dodgers,14,58,53,11,2,0,2,6,7,4,17,0,1,0,0.215,0.274,0.394,0.667,0.284,0,0.1,0,726,9952
Jesmuel Valentin,Phillies,12,49,44,11,2,0,1,5,5,3,9,0,0,0,0.239,0.297,0.357,0.654,0.284,0.1,-0.1,0,999,sa657867
Lane Adams,Braves,60,250,227,52,10,1,7,26,26,18,77,2,14,4,0.228,0.288,0.368,0.656,0.284,0.9,1.2,-0.1,596.9,10767
Roman Quinn,Phillies,34,142,128,30,5,1,2,15,12,11,38,1,7,3,0.233,0.298,0.35,0.648,0.284,-0.4,0.1,-0.2,642.1,13546
Samir Duenez,Royals,8,35,33,8,2,0,1,4,4,2,7,0,1,0,0.242,0.283,0.38,0.663,0.284,-0.1,0,-0.1,999,sa739574
Billy Hamilton,Reds,133,560,508,126,19,7,6,69,39,41,112,2,53,13,0.247,0.303,0.345,0.648,0.284,10.1,6.6,1.5,66.4,10199
Greg Allen,Indians,8,35,31,8,1,0,0,4,3,2,7,1,2,1,0.24,0.308,0.333,0.641,0.284,-0.1,0.1,0,633.3,16623
Aristides Aquino,Reds,2,7,6,1,0,0,0,1,1,0,2,0,0,0,0.223,0.272,0.397,0.67,0.284,0,0,0,999,sa597058
Tony Wolters,Rockies,38,160,141,34,7,1,2,16,14,15,37,1,1,1,0.239,0.316,0.337,0.653,0.283,1.8,-0.2,0.1,607.8,11470
Chris Bostick,Pirates,3,14,13,3,1,0,0,1,1,1,3,0,0,0,0.24,0.295,0.357,0.652,0.283,0,0,0,680,13718
Kaleb Cowart,Angels,23,98,89,21,4,0,2,10,10,7,24,1,3,1,0.233,0.294,0.359,0.653,0.283,0,0.1,0.1,644.3,11494
Cole Gillespie,,50,210,190,45,9,1,3,20,20,16,46,1,4,2,0.239,0.3,0.347,0.648,0.283,-2.1,-0.2,-0.5,999,5888
Juan Centeno,Rangers,35,147,135,35,6,1,2,14,13,9,26,1,1,1,0.258,0.304,0.346,0.65,0.283,-2.3,-0.3,0,999,7168
Kevin Newman,Pirates,3,14,13,3,1,0,0,1,1,1,2,0,0,0,0.258,0.301,0.352,0.653,0.283,0.1,0,0,999,sa827183
Eric Haase,Indians,3,13,12,2,1,0,1,1,2,1,5,0,0,0,0.202,0.269,0.391,0.66,0.283,0,0,0,999,sa601042
Mike Marjama,Mariners,35,147,137,32,7,1,4,15,16,7,30,2,1,1,0.237,0.28,0.379,0.659,0.283,-1.2,-0.2,0.2,719.5,12594
Pedro Severino,Nationals,8,32,30,7,1,0,1,3,3,2,6,0,0,0,0.248,0.295,0.357,0.652,0.283,0,0,0,655,14523
Michael Hermosillo,Angels,2,7,6,1,0,0,0,1,1,1,2,0,0,0,0.231,0.3,0.343,0.644,0.283,0,0,0,999,sa738413
Paulo Orlando,Royals,108,455,427,109,21,3,7,45,40,18,99,5,9,4,0.256,0.291,0.364,0.655,0.282,2.4,0,0.1,662.3,8628
Dustin Garneau,Athletics,3,13,12,3,1,0,0,1,1,1,3,0,0,0,0.22,0.284,0.369,0.653,0.282,0,0,0,725,9433
Isiah Kiner-Falefa,Rangers,3,13,12,3,1,0,0,1,1,1,2,0,0,0,0.251,0.308,0.33,0.638,0.282,0,0,0,999,sa737855
Austin Romine,Yankees,30,128,118,29,6,0,3,13,14,7,26,1,1,0,0.242,0.287,0.367,0.654,0.282,-0.6,-0.1,0.2,650,5491
Ronald Torreyes,Yankees,30,126,117,31,5,1,1,13,11,5,15,1,1,1,0.262,0.297,0.352,0.649,0.282,0.4,-0.1,0.1,514.2,11400
Nick Hundley,Giants,27,115,107,25,6,0,3,11,13,6,29,0,0,0,0.237,0.28,0.383,0.663,0.282,-1.4,-0.3,0,514.6,3376
Rajai Davis,Indians,20,84,77,18,4,0,2,11,7,5,19,1,6,2,0.238,0.291,0.358,0.649,0.282,-0.5,0.6,0,536.3,3708
Lourdes Gurriel,Blue Jays,3,14,13,3,1,0,0,1,1,1,3,0,0,0,0.241,0.287,0.368,0.655,0.281,-0.1,0,0,685.8,sa908697
Reese McGuire,Blue Jays,3,13,11,3,1,0,0,1,1,1,2,0,0,0,0.235,0.297,0.349,0.646,0.281,0.1,0,0,999,sa737505
Francisco Pena,Cardinals,12,51,48,11,2,0,2,5,6,2,10,0,0,0,0.238,0.274,0.383,0.658,0.281,0.3,0,0.1,999,8298
Austin Wynns,Orioles,3,13,12,3,1,0,0,1,1,1,3,0,0,0,0.238,0.296,0.346,0.642,0.281,0,0,0,716,sa707785
John Ryan Murphy,Diamondbacks,3,13,12,3,1,0,0,1,1,1,3,0,0,0,0.235,0.288,0.36,0.649,0.281,0,0,0,999,10346
Blake Swihart,Red Sox,39,162,147,34,7,1,3,18,15,12,41,1,2,1,0.233,0.295,0.347,0.642,0.281,-0.1,0.1,-0.2,481.9,13176
Jacob Nottingham,Brewers,3,13,12,2,1,0,0,1,1,1,4,0,0,0,0.217,0.286,0.362,0.648,0.281,0,0,0,730.3,sa737809
Socrates Brito,Diamondbacks,17,70,66,16,3,1,1,7,7,3,16,0,1,1,0.244,0.279,0.378,0.657,0.28,0.5,0,-0.1,700.8,12944
Kyle Farmer,Dodgers,11,46,43,10,2,0,1,4,5,2,8,0,0,0,0.242,0.287,0.361,0.649,0.28,-0.1,-0.1,0,999,14813
Victor Reyes,Tigers,58,245,230,59,9,2,3,23,21,11,42,1,6,4,0.259,0.295,0.354,0.649,0.28,0.5,-0.2,-0.2,683.3,sa657236
Brandon Dixon,Reds,12,51,47,11,2,0,2,5,6,3,16,0,1,1,0.223,0.272,0.383,0.656,0.28,-0.1,0,-0.1,999,sa737637
Caleb Joseph,Orioles,76,320,296,68,13,1,9,32,34,17,78,2,1,1,0.23,0.277,0.374,0.651,0.28,3.5,-0.4,0.8,478.8,7087
Elias Diaz,Pirates,46,192,179,45,9,1,2,17,19,10,34,1,2,1,0.252,0.293,0.351,0.644,0.28,1.2,-0.2,0.3,674.7,11680
Chad Wallach,Marlins,8,32,29,6,1,0,1,3,3,3,8,0,0,0,0.218,0.288,0.35,0.638,0.279,-0.1,0,0,712,17161
Charlie Tilson,White Sox,2,7,6,2,0,0,0,1,1,0,1,0,0,0,0.246,0.296,0.346,0.642,0.279,0,0,0,463,12983
Raffy Lopez,Padres,8,32,29,6,1,0,1,3,3,3,9,0,0,0,0.222,0.292,0.347,0.639,0.279,-0.2,0,0,741.5,12606
Tyler Saladino,White Sox,67,280,254,60,10,2,5,29,24,19,61,3,8,3,0.235,0.292,0.346,0.638,0.279,2.2,0.2,0.3,690.3,10807
Ryan Cordell,White Sox,40,168,154,34,6,1,5,18,17,11,47,1,4,2,0.221,0.277,0.37,0.648,0.279,1.1,0,-0.1,999,sa737938
Yairo Munoz,Cardinals,2,7,7,2,0,0,0,1,1,0,1,0,0,0,0.245,0.277,0.373,0.65,0.278,0,0,0,999,sa657210
Travis Jankowski,Padres,18,77,68,16,3,0,0,8,5,7,18,1,4,1,0.236,0.313,0.307,0.62,0.278,0.9,0.2,0,669.2,13768
Hunter Dozier,Royals,20,84,76,16,4,0,2,9,8,7,27,1,1,0,0.216,0.281,0.36,0.641,0.278,-0.3,0,-0.2,567,15117
Jorge Mateo,Athletics,2,7,6,1,0,0,0,1,1,0,2,0,0,0,0.23,0.274,0.374,0.649,0.278,0,0,0,571,sa657910
Ramon Torres,Royals,13,56,52,14,2,0,1,5,5,3,8,0,2,1,0.258,0.294,0.343,0.637,0.277,0,-0.1,0,666.3,14113
Niko Goodrum,Twins,3,14,13,3,1,0,0,1,1,1,4,0,0,0,0.229,0.281,0.362,0.643,0.277,0,0,0,999,12092
Rene Rivera,Angels,46,192,175,39,7,0,6,17,23,12,54,2,1,0,0.224,0.279,0.371,0.65,0.277,1,-0.5,0.4,620.6,3648
David Freitas,Mariners,3,13,12,3,1,0,0,1,1,1,2,0,0,0,0.232,0.29,0.343,0.633,0.277,-0.1,0,0,999,10619
Hanser Alberto,,17,70,66,17,3,0,1,7,7,2,10,1,1,1,0.254,0.278,0.367,0.645,0.277,0.7,-0.1,0,999,11902
Alcides Escobar,Royals,117,490,460,119,23,3,5,50,41,17,74,4,9,4,0.258,0.288,0.354,0.642,0.277,-0.2,0.5,0.3,524.9,6310
Drew Butera,Royals,18,77,70,16,3,0,2,8,7,5,19,1,0,0,0.227,0.285,0.35,0.635,0.277,-0.5,-0.1,0,695.7,3411
Rafael Bautista,Nationals,5,21,19,5,1,0,0,2,2,1,4,0,1,0,0.255,0.301,0.328,0.629,0.277,0,0,-0.1,999,15769
Joey Wendle,Rays,83,350,328,79,17,3,7,35,33,14,76,4,6,2,0.24,0.278,0.368,0.646,0.276,1.6,0,0.2,690.5,13853
Carlos Perez,Angels,8,32,29,7,1,0,1,3,3,2,6,0,0,0,0.231,0.285,0.35,0.635,0.276,0.2,0,0.1,693.4,10642
Erik Gonzalez,Indians,3,14,13,3,1,0,0,1,1,1,4,0,0,0,0.241,0.273,0.374,0.647,0.276,0.1,0,0,667.2,13369
Alberto Callaspo,,25,105,94,22,4,0,1,10,9,9,17,1,1,1,0.232,0.301,0.325,0.626,0.276,-1.5,-0.6,-0.3,999,3336
Jorge Alfaro,Phillies,89,373,348,79,15,1,11,36,41,15,122,7,2,1,0.226,0.27,0.374,0.644,0.276,-0.9,-0.5,0.1,243.1,12180
Jose Rondon,White Sox,3,14,13,3,1,0,0,1,1,1,3,0,0,0,0.245,0.286,0.35,0.636,0.275,0,0,0,999,14140
J.T. Riddle,Marlins,117,490,456,115,19,2,7,44,46,24,92,2,3,3,0.252,0.29,0.349,0.639,0.275,0.9,-0.5,0.1,672.8,17642
Jesus Sucre,Rays,38,160,149,37,6,0,3,15,17,6,30,2,2,1,0.247,0.283,0.353,0.635,0.275,0.8,0,0.3,657.1,5942
Martin Maldonado,Angels,91,384,344,74,14,1,11,37,38,24,97,9,2,2,0.215,0.283,0.353,0.636,0.275,4.3,-0.8,1,405.1,6887
Cam Gallagher,Royals,8,32,29,7,1,0,1,3,3,2,5,0,0,0,0.236,0.29,0.34,0.63,0.274,0.2,0,0.1,999,12981
Grayson Greiner,Tigers,8,32,29,7,1,0,1,3,3,2,8,0,0,0,0.224,0.279,0.354,0.633,0.274,0.2,0,0.1,999,sa828801
Jacob Stallings,Pirates,15,64,59,14,3,0,1,6,6,4,14,1,0,0,0.237,0.286,0.348,0.634,0.274,0.5,-0.1,0.1,999,13723
Jack Reinheimer,Diamondbacks,2,7,6,2,0,0,0,1,1,0,1,0,0,0,0.242,0.296,0.327,0.623,0.274,0.1,0,0,999,14938
Andrew Stevenson,Nationals,15,63,58,14,2,1,0,6,5,4,14,0,2,1,0.248,0.297,0.327,0.624,0.274,0.1,0,-0.1,999,17932
Ramon Cabrera,,23,96,89,22,4,0,1,8,9,5,16,0,1,0,0.243,0.288,0.34,0.628,0.273,-0.4,-0.1,0,999,10327
Jose Lobaton,,23,96,86,19,3,0,2,8,9,8,22,1,0,0,0.217,0.289,0.336,0.626,0.273,-0.6,-0.2,0,690,4243
JaCoby Jones,Tigers,42,175,159,35,6,1,4,18,18,11,58,2,4,2,0.218,0.276,0.356,0.632,0.273,1.1,0,0,661,14818
Ryan Goins,Royals,15,63,58,14,3,0,1,6,6,4,13,0,1,0,0.236,0.286,0.34,0.627,0.273,-0.3,-0.1,0,675.9,9807
Tomas Nido,Mets,8,32,30,7,1,0,1,3,3,2,6,0,0,0,0.234,0.274,0.359,0.633,0.272,0.1,0,0,999,13755
Luis Torrens,Padres,8,32,29,7,1,0,0,3,3,3,7,0,0,0,0.229,0.299,0.325,0.624,0.272,-0.1,0,0,699.8,15905
Adrian Sanchez,Nationals,8,35,33,8,2,0,0,3,3,2,7,0,1,0,0.249,0.288,0.34,0.627,0.272,0,0,0,999,11338
Matt Reynolds,Nationals,3,14,13,3,1,0,0,1,1,1,4,0,0,0,0.228,0.288,0.334,0.621,0.272,0,0,0,999,13788
Chris Stewart,Braves,8,32,29,7,1,0,0,2,2,2,5,0,0,0,0.242,0.304,0.312,0.617,0.272,-0.2,-0.1,0,999,3878
Andrew Romine,Mariners,25,105,96,23,4,0,1,11,8,7,23,1,3,1,0.237,0.292,0.322,0.614,0.271,0.2,0,0,660.7,1159
Jose Siri,Reds,8,35,33,7,1,0,1,4,4,1,10,0,2,1,0.225,0.262,0.374,0.636,0.271,0,0,-0.1,999,sa736940
Alexi Amarista,Tigers,25,105,97,24,4,0,1,10,10,6,19,1,2,1,0.244,0.289,0.336,0.625,0.27,-1.1,0.1,-0.2,740,9063
Braxton Lee,Marlins,23,98,88,21,3,0,1,9,7,7,19,1,3,2,0.241,0.303,0.305,0.608,0.269,0.8,-0.3,-0.2,652.1,sa829053
Nolan Fontana,Angels,15,63,54,11,3,0,1,6,5,7,18,0,1,1,0.2,0.298,0.3,0.598,0.269,0.2,-0.1,0,999,13267
Luis Guillorme,Mets,5,21,19,5,1,0,0,2,1,2,3,0,0,0,0.241,0.305,0.294,0.599,0.269,0.1,0,0,999,sa737882
Zach Vincej,Mariners,10,42,38,9,2,0,0,4,3,3,8,0,1,0,0.237,0.291,0.32,0.61,0.268,0,-0.1,0,999,13269
Eric Stamets,Indians,2,7,6,1,0,0,0,1,1,0,2,0,0,0,0.217,0.274,0.343,0.617,0.268,0.1,0,0,999,sa621787
Meibrys Viloria,Royals,1,6,6,1,0,0,0,1,1,0,1,0,0,0,0.227,0.273,0.344,0.617,0.268,0,0,0,999,sa830182
Cliff Pennington,Reds,47,198,176,39,6,1,3,19,17,17,52,1,3,1,0.219,0.291,0.312,0.603,0.268,0,-0.2,-0.3,999,3395
Magneuris Sierra,Marlins,53,224,209,52,8,2,1,20,17,11,44,1,8,5,0.248,0.287,0.324,0.611,0.267,0.3,-0.5,-0.6,548.1,17023
Oscar Mercado,Cardinals,3,14,13,3,1,0,0,1,1,1,3,0,1,1,0.232,0.283,0.33,0.612,0.267,0,-0.1,0,999,sa737612
Jonathan Herrera,,50,210,194,46,9,1,2,18,18,12,41,1,3,2,0.236,0.282,0.326,0.608,0.266,-3.4,-0.3,-0.5,999,4182
Richard Urena,Blue Jays,3,14,13,3,1,0,0,1,1,1,3,0,0,0,0.235,0.271,0.346,0.617,0.265,-0.1,0,0,677.3,16411
Sergio Alcantara,Tigers,12,49,45,11,2,0,0,4,3,3,8,0,1,1,0.238,0.291,0.309,0.6,0.265,0,-0.2,-0.1,999,sa739641
Stuart Turner,Reds,8,32,29,6,1,0,1,3,3,2,8,0,0,0,0.213,0.275,0.325,0.6,0.263,0,-0.1,0,712,15207
Alfredo Gonzalez,White Sox,1,6,6,1,0,0,0,1,0,1,1,0,0,0,0.219,0.288,0.301,0.589,0.263,0,0,0,999,sa505301
Peter Mooney,Marlins,3,14,13,3,0,0,0,1,1,1,2,0,0,0,0.225,0.291,0.301,0.592,0.263,0.1,0,0,999,sa503239
Juan Graterol,Angels,8,32,30,8,1,0,0,3,3,1,5,0,0,0,0.247,0.273,0.335,0.608,0.263,0.2,0,0,999,5398
Pedro Florimon,Phillies,32,133,120,25,5,1,2,12,12,10,42,1,2,1,0.208,0.274,0.324,0.598,0.262,0.4,0,-0.2,999,8385
Austin Nola,Marlins,11,46,41,9,2,0,0,4,3,4,8,0,0,0,0.225,0.291,0.302,0.593,0.261,0,0,0,999,sa577789
Edmundo Sosa,Cardinals,3,14,13,3,1,0,0,1,1,1,3,0,0,0,0.241,0.277,0.321,0.599,0.261,0,0,0,999,sa736859
Adam Engel,White Sox,142,595,535,108,21,5,12,60,49,43,190,8,23,9,0.201,0.27,0.325,0.595,0.261,3.3,1.4,-0.3,633.2,15082
Deven Marrero,Red Sox,8,35,32,7,2,0,1,4,3,2,10,0,1,0,0.223,0.271,0.325,0.596,0.26,0.1,0,-0.1,670.1,13325
Jose Trevino,Rangers,1,6,6,1,0,0,0,1,1,0,1,0,0,0,0.231,0.264,0.335,0.598,0.258,0,0,0,999,sa827368
Charlie Culberson,Braves,67,282,263,60,12,1,4,24,23,14,61,2,4,2,0.227,0.269,0.324,0.594,0.258,0.6,-0.1,-0.6,687.5,3298
Bubba Starling,Royals,3,14,13,3,1,0,0,1,1,1,4,0,0,0,0.21,0.26,0.33,0.589,0.256,0,0,0,999,sa597751
Tyler Ladendorf,,133,560,513,112,23,2,5,51,42,35,121,5,7,4,0.218,0.273,0.301,0.575,0.254,0.4,-0.3,-1.3,999,3211
Jeff Mathis,Diamondbacks,69,288,264,56,11,2,5,23,25,18,86,2,2,1,0.211,0.265,0.319,0.584,0.253,2.5,-0.3,-0.3,680.3,3448
Gift Ngoepe,Blue Jays,8,35,31,6,1,0,1,3,3,3,13,0,0,0,0.189,0.26,0.315,0.575,0.253,0.3,-0.1,-0.1,999,10340
Luke Maile,Blue Jays,30,128,118,25,6,0,2,12,12,7,29,1,1,1,0.208,0.257,0.319,0.576,0.251,0.9,-0.1,0,695,13355
Trevor Brown,Giants,3,13,12,3,0,0,0,1,1,1,3,0,0,0,0.217,0.264,0.3,0.564,0.247,0,0,0,999,13895
Engelb Vielma,Orioles,12,49,45,10,1,0,0,4,3,3,10,0,1,1,0.225,0.27,0.272,0.542,0.241,0.4,-0.2,-0.1,999,sa657416
Javier Guerra,Padres,3,14,13,3,1,0,0,1,1,1,5,0,0,0,0.191,0.233,0.305,0.538,0.232,0.1,0,0,999,sa736916
Marlon Byrd,,0,0,0,0,0,0,0,0,0,0,0,0,0,0,0,0,0,0,0,0,0,0,999,950
Yu-Cheng Chang,Indians,0,0,0,0,0,0,0,0,0,0,0,0,0,0,0,0,0,0,0,0,0,0,999,sa830276
Rob Brantly,,0,0,0,0,0,0,0,0,0,0,0,0,0,0,0,0,0,0,0,0,0,0,999,10655
Delmon Young,,0,0,0,0,0,0,0,0,0,0,0,0,0,0,0,0,0,0,0,0,0,0,999,2140
Nolan Reimold,,0,0,0,0,0,0,0,0,0,0,0,0,0,0,0,0,0,0,0,0,0,0,999,3441
Alexei Ramirez,,0,0,0,0,0,0,0,0,0,0,0,0,0,0,0,0,0,0,0,0,0,0,999,5133
Willi Castro,Indians,0,0,0,0,0,0,0,0,0,0,0,0,0,0,0,0,0,0,0,0,0,0,700.5,sa830274
Geovany Soto,,0,0,0,0,0,0,0,0,0,0,0,0,0,0,0,0,0,0,0,0,0,0,999,3707
Rymer Liriano,Angels,0,0,0,0,0,0,0,0,0,0,0,0,0,0,0,0,0,0,0,0,0,0,732.5,4779
Coco Crisp,,0,0,0,0,0,0,0,0,0,0,0,0,0,0,0,0,0,0,0,0,0,0,999,1572
Cody Asche,Royals,0,0,0,0,0,0,0,0,0,0,0,0,0,0,0,0,0,0,0,0,0,0,688,11997
Franklin Gutierrez,,0,0,0,0,0,0,0,0,0,0,0,0,0,0,0,0,0,0,0,0,0,0,999,3255
Max Schrock,Cardinals,0,0,0,0,0,0,0,0,0,0,0,0,0,0,0,0,0,0,0,0,0,0,705.5,sa658670
Alex Rios,,0,0,0,0,0,0,0,0,0,0,0,0,0,0,0,0,0,0,0,0,0,0,999,2090
Steve Tolleson,,0,0,0,0,0,0,0,0,0,0,0,0,0,0,0,0,0,0,0,0,0,0,999,4450
Everth Cabrera,,0,0,0,0,0,0,0,0,0,0,0,0,0,0,0,0,0,0,0,0,0,0,999,8155
Nate McLouth,,0,0,0,0,0,0,0,0,0,0,0,0,0,0,0,0,0,0,0,0,0,0,999,3190
Carlos Ruiz,,0,0,0,0,0,0,0,0,0,0,0,0,0,0,0,0,0,0,0,0,0,0,999,2579
Stephen Cardullo,Rockies,0,0,0,0,0,0,0,0,0,0,0,0,0,0,0,0,0,0,0,0,0,0,999,11204