Name,Team,W,L,SV,ERA,GS,G,IP,H,ER,HR,SO,BB,WHIP,K/9,BB/9,FIP,ADP,playerid
Kenley Jansen,Dodgers,4,2,0,2.57,0,65,65,44,19,7,93,15,0.91,12.87,2.1,2.55,36.5,3096
Craig Kimbrel,Red Sox,4,2,0,2.5,0,65,65,41,18,6,104,26,1.03,14.45,3.54,2.55,44.8,6655
Andrew Miller,Indians,4,2,0,2.58,0,65,65,47,19,7,94,20,1.02,12.98,2.73,2.61,206.4,6785
Clayton Kershaw,Dodgers,16,6,0,2.62,29,29,192,151,56,20,216,33,0.96,10.11,1.54,2.81,7.7,2036
Chris Sale,Red Sox,16,7,0,2.9,29,29,197,155,63,23,264,42,1,12.07,1.91,2.83,12.3,10603
Corey Knebel,Brewers,3,3,0,2.93,0,65,65,46,21,6,93,29,1.15,12.84,4.05,3.04,65.7,15010
Dellin Betances,Yankees,4,2,0,2.82,0,65,65,43,20,7,96,29,1.11,13.31,4.07,3.08,278.6,6216
Corey Kluber,Indians,17,8,0,3.1,32,32,219,176,75,27,275,57,1.06,11.29,2.35,3.11,13.9,2429
Noah Syndergaard,Mets,12,10,0,3.41,31,31,181,162,69,19,206,48,1.16,10.22,2.39,3.13,31.4,11762
Aroldis Chapman,Yankees,4,2,0,2.86,0,65,65,45,21,7,89,29,1.14,12.33,4.02,3.24,63.8,10233
Carl Edwards Jr.,Cubs,3,2,0,2.88,0,55,55,38,18,4,73,32,1.26,12.03,5.17,3.24,340.1,13607
Sean Doolittle,Nationals,4,3,0,3.04,0,65,65,50,22,8,77,15,1.01,10.61,2.1,3.25,124.8,1581
Roberto Osuna,Blue Jays,4,2,0,3.15,0,65,65,54,23,8,74,14,1.04,10.27,1.94,3.26,77.4,13764
Ken Giles,Astros,3,2,0,3.18,0,65,65,51,23,7,82,23,1.14,11.34,3.16,3.27,95.1,12910
Mark Melancon,Giants,3,3,0,3.2,0,65,65,62,23,5,55,14,1.18,7.57,2.01,3.27,174.8,4264
Felipe Rivero,Pirates,3,3,0,3.24,0,65,65,55,23,5,71,25,1.24,9.89,3.45,3.33,86.9,12076
Joe Smith,Astros,2,1,0,3.16,0,45,45,39,16,5,48,12,1.13,9.55,2.43,3.36,647.7,3281
Carson Smith,Red Sox,4,2,0,3.22,0,65,65,61,23,4,59,21,1.26,8.16,2.93,3.36,584.2,13172
A.J. Minter,Braves,3,3,0,3.34,0,55,55,45,20,6,68,20,1.19,11.18,3.35,3.38,392.7,18655
Chad Green,Yankees,4,3,0,3.36,0,65,65,54,24,8,84,22,1.16,11.64,3.03,3.38,297.3,15552
Drew Steckenrider,Marlins,2,3,0,3.02,0,55,55,41,18,5,69,26,1.22,11.35,4.31,3.38,360.5,18806
David Robertson,Yankees,4,3,0,3.19,0,65,65,51,23,8,85,23,1.12,11.71,3.13,3.39,302.2,8241
Stephen Strasburg,Nationals,14,9,0,3.37,31,31,186,158,70,22,220,58,1.16,10.63,2.8,3.41,25.8,10131
Keone Kela,Rangers,2,2,0,3.13,0,40,40,31,14,4,49,17,1.19,11,3.83,3.41,347.9,14696
Edwin Diaz,Mariners,4,3,0,3.08,0,65,65,47,22,7,83,25,1.12,11.43,3.48,3.41,89.4,14710
Will Smith,Giants,1,1,0,3.44,0,20,20,17,8,2,23,8,1.25,10.42,3.53,3.41,999,8048
Luis Severino,Yankees,15,7,0,3.25,31,31,187,161,68,23,208,51,1.13,10.02,2.45,3.42,33.3,15890
Max Scherzer,Nationals,16,8,0,3.26,32,32,208,157,75,30,269,63,1.06,11.65,2.73,3.46,10.2,3137
James Paxton,Mariners,12,9,0,3.35,29,29,172,154,64,20,181,48,1.17,9.48,2.52,3.47,75.8,11828
Jacob deGrom,Mets,14,10,0,3.49,32,32,204,182,79,25,228,62,1.2,10.08,2.74,3.48,35.5,10954
Carlos Carrasco,Indians,13,8,0,3.45,28,28,169,148,65,23,192,44,1.13,10.25,2.34,3.5,35.9,6632
Andrew Chafin,Diamondbacks,2,2,0,3.48,0,35,35,31,14,3,36,15,1.33,9.14,3.96,3.52,999,12988
Ryan Madson,Nationals,4,3,0,3.45,0,65,65,60,25,7,65,17,1.19,8.97,2.42,3.52,401.1,1852
Edubray Ramos,Phillies,2,2,0,3.43,0,40,40,35,15,4,43,13,1.2,9.78,3,3.53,681.1,16086
Alex Wood,Dodgers,10,6,0,3.32,23,23,131,118,48,14,126,38,1.19,8.65,2.58,3.54,114.7,13781
Jose Quintana,Cubs,14,9,0,3.61,32,32,200,189,80,22,195,56,1.23,8.79,2.54,3.55,70.3,11423
Cody Allen,Indians,4,3,0,3.42,0,65,65,52,25,9,81,23,1.16,11.25,3.19,3.58,92.6,12183
Josh Hader,Brewers,3,3,0,3.33,0,65,65,50,24,7,84,32,1.25,11.63,4.37,3.58,304.6,14212
Alex Claudio,Rangers,3,3,0,3.35,0,65,65,65,24,5,45,16,1.24,6.18,2.15,3.58,304.6,12890
Francis Martes,Astros,1,1,0,3.39,0,20,20,16,8,2,23,9,1.27,10.23,4.15,3.61,618.5,17303
Hector Rondon,Astros,3,2,0,3.48,0,60,60,52,23,8,65,16,1.14,9.75,2.4,3.61,594.1,2391
Liam Hendriks,Athletics,3,3,0,3.67,0,55,55,51,22,7,55,13,1.17,8.99,2.16,3.62,670.3,3548
Robbie Ray,Diamondbacks,10,10,0,3.7,29,29,165,143,68,19,201,69,1.28,10.95,3.77,3.62,47.4,11486
Lance McCullers,Astros,10,6,0,3.52,24,24,139,122,54,14,156,57,1.29,10.08,3.69,3.62,141.4,14120
Luke Gregerson,Cardinals,3,3,0,3.61,0,65,65,61,26,7,63,18,1.21,8.77,2.44,3.63,296.8,4090
Chris Archer,Rays,13,11,0,3.51,32,32,198,169,77,27,234,64,1.17,10.63,2.89,3.64,54,6345
Anthony Swarzak,Mets,3,3,0,3.55,0,65,65,58,26,8,71,19,1.18,9.79,2.62,3.64,484.2,7466
Archie Bradley,Diamondbacks,4,3,0,3.61,0,70,70,60,28,5,73,34,1.34,9.43,4.38,3.65,182.1,12918
Pedro Strop,Cubs,3,2,0,3.36,0,55,55,47,21,5,58,24,1.28,9.44,3.91,3.65,591,4070
Justin Wilson,Cubs,2,1,0,3.37,0,40,40,31,15,4,48,19,1.25,10.74,4.22,3.65,597.8,4301
Jerry Blevins,Mets,3,2,0,3.4,0,55,55,45,21,7,66,21,1.2,10.81,3.45,3.66,680.1,7841
Walker Buehler,Dodgers,4,3,0,3.47,8,23,62,52,24,7,71,26,1.25,10.28,3.76,3.67,346.2,19374
Zach Britton,Orioles,2,2,0,3.24,0,40,40,37,14,3,34,14,1.27,7.74,3.05,3.67,294.7,3240
Zack Greinke,Diamondbacks,13,11,0,3.63,32,32,204,187,82,24,198,59,1.21,8.74,2.62,3.68,48.1,1943
Shohei Ohtani,Angels,11,7,0,3.45,24,24,148,122,57,17,168,56,1.21,10.19,3.42,3.68,80.1,19755
Jeurys Familia,Mets,3,3,0,3.5,0,65,65,59,25,6,62,25,1.3,8.56,3.45,3.68,173.8,5114
Brad Hand,Padres,3,4,0,3.46,0,75,75,62,29,9,89,30,1.23,10.62,3.58,3.68,107.1,9111
Garrett Richards,Angels,12,7,0,3.32,26,26,160,140,59,16,150,52,1.2,8.46,2.95,3.69,169,9784
Cam Bedrosian,Angels,4,3,0,3.46,0,65,65,56,25,7,71,26,1.25,9.76,3.53,3.71,308.5,13360
Chris Devenski,Astros,4,3,0,3.62,0,75,75,64,30,11,85,21,1.13,10.24,2.55,3.71,294.8,12763
Adam Liberatore,Dodgers,1,1,0,3.58,0,20,20,18,8,2,20,7,1.25,9.09,3.27,3.71,999,10637
Yu Darvish,Cubs,12,9,0,3.77,29,29,174,148,73,23,206,65,1.22,10.66,3.34,3.72,50.1,13074
Jimmie Sherfy,Diamondbacks,1,1,0,3.53,0,25,25,20,10,3,30,11,1.24,10.79,3.97,3.73,559.9,15118
Luke Weaver,Cardinals,10,8,0,3.86,26,26,147,144,63,18,144,42,1.27,8.81,2.59,3.73,111.8,16918
Michael Feliz,Pirates,3,3,0,3.83,0,55,55,48,23,6,63,24,1.31,10.32,3.85,3.73,658.5,11903
Mychal Givens,Orioles,3,3,0,3.62,0,65,65,54,26,7,75,28,1.26,10.34,3.89,3.74,387.1,10430
David Paulino,Astros,1,0,0,3.56,0,10,10,9,4,1,11,3,1.17,9.93,2.9,3.74,607.5,17418
Jack Leathersich,Pirates,1,1,0,3.52,0,15,15,11,6,2,20,9,1.34,12.04,5.37,3.75,999,12562
James Hoyt,Astros,2,1,0,3.76,0,30,30,26,13,4,37,11,1.23,11.04,3.26,3.76,721.6,14605
Tommy Kahnle,Yankees,3,2,0,3.44,0,55,55,42,21,7,72,28,1.28,11.76,4.55,3.77,452.6,11384
Alex Reyes,Cardinals,7,6,0,3.55,16,26,104,84,41,11,122,51,1.3,10.54,4.42,3.77,264.1,15015
Justin Verlander,Astros,16,9,0,3.61,32,32,208,173,83,30,244,67,1.16,10.54,2.91,3.78,41,8700
Kyle Barraclough,Marlins,3,3,0,3.34,0,65,65,49,24,5,78,41,1.38,10.77,5.7,3.78,327.2,13713
Arodys Vizcaino,Braves,3,3,0,3.58,0,65,65,56,26,7,69,27,1.27,9.5,3.67,3.78,151.1,5498
Kirby Yates,Padres,3,3,0,3.62,0,60,60,47,24,9,79,25,1.2,11.8,3.72,3.79,459.1,9073
Dillon Maples,Cubs,2,1,0,3.47,0,30,30,24,12,2,35,19,1.41,10.49,5.58,3.79,999,14672
Aaron Nola,Phillies,11,10,0,3.72,29,29,177,163,73,23,184,52,1.22,9.34,2.67,3.79,63.3,16149
Taylor Rogers,Twins,3,2,0,3.84,0,55,55,55,23,6,48,17,1.31,7.84,2.8,3.79,618,13449
Carlos Martinez,Cardinals,14,10,0,3.59,32,32,204,187,81,21,201,75,1.28,8.87,3.32,3.8,53.5,11682
Wade Davis,Rockies,3,3,0,3.87,0,65,65,59,28,7,73,28,1.33,10.17,3.82,3.8,109.5,7441
James Pazos,Mariners,2,2,0,3.39,0,45,45,37,17,4,49,22,1.3,9.87,4.37,3.8,664.2,13323
Ryan Sherriff,Cardinals,1,1,0,3.56,0,20,20,19,8,2,18,7,1.28,7.97,3.13,3.8,999,12249
Dan Otero,Indians,2,1,0,3.68,0,35,35,37,14,4,23,6,1.23,5.91,1.47,3.81,999,7385
Tyler Olson,Indians,2,2,0,3.6,0,45,45,40,18,5,46,15,1.24,9.1,3.1,3.81,999,14741
Ross Stripling,Dodgers,3,2,0,3.69,0,55,55,52,23,6,50,17,1.24,8.13,2.75,3.81,635.2,13273
David Price,Red Sox,12,9,0,3.87,29,29,175,168,75,25,180,48,1.23,9.27,2.46,3.82,108.1,3184
Jacob Rhame,Mets,1,0,0,3.58,0,10,10,9,4,1,11,3,1.2,9.85,3.13,3.83,999,15267
Nate Jones,White Sox,3,3,0,3.57,0,55,55,49,22,7,58,18,1.21,9.57,2.91,3.83,363.8,4696
Madison Bumgarner,Giants,14,10,0,3.58,32,32,209,189,83,27,197,54,1.17,8.47,2.33,3.83,26.5,5524
Nick Goody,Indians,3,2,0,3.57,0,55,55,44,22,8,70,20,1.17,11.39,3.32,3.84,615.4,13685
Dominic Leone,Cardinals,4,3,0,3.68,0,65,65,57,27,7,68,25,1.27,9.41,3.49,3.85,418.8,13763
Dietrich Enns,Twins,1,0,0,3.56,0,10,10,8,4,1,10,4,1.3,9.18,4.04,3.86,999,13932
Chris Martin,Rangers,2,1,0,3.89,0,30,30,29,13,4,30,9,1.28,9.1,2.85,3.87,682,11847
Jameson Taillon,Pirates,11,12,0,4.05,32,32,190,191,86,21,161,52,1.28,7.61,2.48,3.87,187.3,11674
Derek Law,Giants,1,2,0,3.87,0,35,35,34,15,4,31,12,1.31,7.95,3.14,3.87,706.4,13133
Koda Glover,Nationals,2,2,0,3.75,0,45,45,42,19,6,42,13,1.22,8.47,2.55,3.88,643.8,17695
Marcus Stroman,Blue Jays,13,9,0,3.69,31,31,191,187,78,21,159,57,1.28,7.5,2.7,3.89,140.9,13431
Adrian Houser,Brewers,0,0,0,3.68,0,10,10,9,4,1,10,4,1.33,8.77,3.75,3.89,999,12718
Danny Salazar,Indians,9,6,0,3.77,21,21,122,103,51,18,158,52,1.27,11.63,3.86,3.9,194.9,5867
Fernando Rodney,Twins,3,3,0,3.66,0,65,65,57,26,7,67,29,1.33,9.34,4.03,3.9,229.1,494
Raisel Iglesias,Reds,3,3,0,3.76,0,65,65,57,27,8,72,24,1.26,9.98,3.39,3.9,98.7,17130
Pierce Johnson,Giants,0,0,0,3.67,0,10,10,8,4,1,12,6,1.37,10.71,5.07,3.9,999,13435
Kelvin Herrera,Royals,3,3,0,3.85,0,65,65,60,28,8,62,22,1.25,8.63,2.99,3.9,198.4,6033
Blake Treinen,Athletics,3,3,0,3.61,0,65,65,61,26,6,57,25,1.32,7.91,3.51,3.91,179.5,12572
Scott Alexander,Dodgers,4,2,0,3.42,0,65,65,60,25,5,52,26,1.32,7.25,3.54,3.91,650.5,10591
Sam Dyson,Giants,3,3,0,3.7,0,65,65,64,27,4,45,23,1.34,6.22,3.24,3.91,485.2,11710
Addison Reed,Twins,3,3,0,3.8,0,65,65,61,27,10,62,15,1.17,8.54,2.02,3.93,273.3,10586
Tyler Lyons,Cardinals,3,2,0,3.88,0,55,55,51,24,8,59,17,1.23,9.59,2.76,3.94,420.1,11334
Dallas Keuchel,Astros,16,8,0,3.5,32,32,205,191,80,23,176,66,1.26,7.74,2.91,3.94,77.3,9434
Michael Wacha,Cardinals,11,9,0,3.93,29,29,165,161,72,20,149,53,1.3,8.14,2.91,3.95,225.7,14078
Hunter Strickland,Giants,2,3,0,3.82,0,55,55,52,23,6,49,17,1.25,7.97,2.75,3.95,633.5,7836
Max Povse,Mariners,1,0,0,3.62,0,10,10,9,4,1,9,3,1.22,8.38,3.12,3.95,999,16165
Nick Wittgren,Marlins,1,1,0,3.89,0,25,25,25,11,3,22,6,1.22,7.95,2.12,3.95,999,15594
Wilmer Font,Dodgers,6,4,0,3.73,10,40,86,73,36,12,97,31,1.2,10.11,3.23,3.95,642.7,5257
Enny Romero,Nationals,2,2,0,3.82,0,40,40,36,17,4,41,18,1.33,9.32,4,3.96,686,4001
Trevor Gott,Nationals,1,1,0,3.81,0,25,25,25,11,2,20,9,1.37,7.28,3.4,3.96,999,15046
Yimi Garcia,Dodgers,2,1,0,3.62,0,35,35,30,14,5,37,9,1.11,9.47,2.32,3.96,999,12095
Zack Godley,Diamondbacks,9,8,0,3.92,24,24,141,132,61,16,136,54,1.32,8.67,3.44,3.96,122.7,14862
Josh Fields,Dodgers,2,1,0,3.69,0,40,40,34,16,6,42,14,1.19,9.48,3.06,3.97,664,5070
Blake Parker,Angels,4,3,0,3.6,0,65,65,53,26,10,77,22,1.16,10.67,3.06,3.97,227.2,5224
Dario Alvarez,Cubs,1,0,0,3.79,0,10,10,9,4,1,11,5,1.32,10.26,4.16,3.97,999,14239
Joakim Soria,White Sox,3,4,0,3.66,0,65,65,59,26,9,66,22,1.24,9.08,2.98,3.97,327.3,6941
Brad Ziegler,Marlins,3,3,0,3.56,0,65,65,67,26,5,38,20,1.34,5.29,2.82,3.97,332.7,7293
Carter Capps,Padres,1,1,0,3.92,0,25,25,22,11,3,27,9,1.24,9.6,3.16,3.99,629.3,12803
Charlie Morton,Astros,9,7,0,3.85,23,23,128,116,55,15,132,47,1.28,9.25,3.31,3.99,169.6,4676
Drew Smyly,Cubs,1,0,0,3.82,0,10,10,9,4,1,10,3,1.22,9.23,3.05,4,999,11760
Luiz Gohara,Braves,7,9,0,4.11,23,23,131,128,60,17,129,47,1.34,8.88,3.25,4,285.5,15166
Jason Hursh,Braves,1,1,0,3.87,0,25,25,25,11,2,20,9,1.37,7.09,3.42,4,999,14914
Steven Okert,Giants,1,1,0,3.93,0,25,25,23,11,3,24,9,1.32,8.54,3.41,4,999,13580
Will Harris,Astros,3,2,0,3.8,0,55,55,49,23,8,58,18,1.22,9.51,2.9,4.01,546,3192
Ronald Herrera,Rangers,1,1,0,3.85,0,15,15,14,6,2,14,5,1.25,8.2,2.89,4.01,999,15688
Matt Barnes,Red Sox,3,2,0,3.93,0,55,55,50,24,7,60,22,1.31,9.83,3.65,4.01,621.8,12863
Matt Grace,Nationals,2,1,0,3.92,0,30,30,31,13,3,21,11,1.4,6.45,3.22,4.02,999,11449
Rich Hill,Dodgers,10,7,0,3.76,24,24,141,118,59,19,159,55,1.23,10.14,3.5,4.03,125.6,4806
Jon Gray,Rockies,11,12,0,4.53,32,32,190,198,96,24,187,70,1.41,8.88,3.3,4.03,164.6,14916
Brett Cecil,Cardinals,2,2,0,3.97,0,45,45,43,20,6,45,14,1.28,8.91,2.87,4.03,628.2,2660
Kenta Maeda,Dodgers,9,7,0,3.84,23,23,129,117,55,18,127,40,1.22,8.88,2.81,4.03,198.4,18498
Cory Gearrin,Giants,2,2,0,3.92,0,45,45,42,20,4,41,20,1.37,8.2,4.02,4.03,661.2,7947
Trevor May,Twins,3,2,0,4.13,6,6,38,36,17,6,41,11,1.24,9.65,2.6,4.03,679.9,6398
Tyler Duffey,Twins,2,1,0,3.9,0,30,30,29,13,4,27,8,1.25,7.99,2.48,4.03,689.9,13758
Luis Avilan,White Sox,3,3,0,3.63,0,55,55,48,22,6,57,24,1.31,9.29,3.96,4.03,999,2882
Steve Cishek,Cubs,3,3,0,3.96,0,65,65,62,29,7,59,25,1.35,8.18,3.52,4.03,513.2,6483
Paul Sewald,Mets,2,2,0,3.97,0,45,45,42,20,6,47,16,1.27,9.35,3.15,4.03,999,13892
Tony Watson,Giants,2,3,0,3.72,0,55,55,52,23,6,44,16,1.23,7.28,2.57,4.04,581.8,3132
Cory Mazzoni,Cubs,1,0,0,4,0,10,10,9,4,1,10,4,1.29,8.99,3.29,4.04,999,12537
Aaron Loup,Blue Jays,2,2,0,3.83,0,45,45,42,19,5,43,17,1.31,8.64,3.39,4.04,999,10343
Jake Diekman,Rangers,2,2,0,3.8,0,45,45,40,19,5,46,22,1.39,9.26,4.43,4.05,601.9,5003
A.J. Ramos,Mets,3,3,0,3.73,0,55,55,45,23,6,62,29,1.35,10.2,4.81,4.05,354.8,8350
Samuel Tuivailala,Cardinals,2,1,0,3.84,0,35,35,31,15,4,35,15,1.33,8.93,3.95,4.05,641.9,13485
Jeff Samardzija,Giants,12,11,0,4.13,32,32,205,203,94,28,182,55,1.26,8,2.39,4.06,133.6,3254
Johnny Cueto,Giants,11,10,0,3.94,29,29,180,173,79,22,154,55,1.27,7.7,2.73,4.06,151.8,6893
A.J. Puk,Athletics,5,5,0,3.95,15,15,84,77,37,10,86,34,1.31,9.18,3.61,4.06,440.2,sa738675
Daniel Stumpf,Tigers,2,2,0,3.79,0,55,55,50,23,6,52,21,1.28,8.49,3.43,4.06,999,13780
Andrew Kittredge,Rays,3,3,0,3.82,0,55,55,49,23,8,57,19,1.24,9.28,3.18,4.06,647,12828
Gerrit Cole,Astros,12,9,0,4.15,29,29,177,173,82,24,167,51,1.27,8.51,2.62,4.06,80,13125
Pat Neshek,Phillies,3,3,0,3.8,0,55,55,51,23,10,56,11,1.12,9.24,1.83,4.07,494.3,4682
Dayan Diaz,Angels,1,0,0,3.84,0,10,10,9,4,1,10,4,1.28,9.41,3.77,4.07,999,11543
Brian Flynn,Royals,2,2,0,3.99,0,40,40,39,18,4,36,16,1.37,8.07,3.64,4.08,999,12027
Silvino Bracho,Diamondbacks,1,1,0,3.93,0,10,10,9,4,2,11,3,1.22,9.68,3,4.09,999,15051
Kevin Shackelford,Reds,2,2,0,3.89,0,40,40,37,17,5,40,17,1.35,8.95,3.75,4.09,692.4,11012
Zach McAllister,Indians,2,2,0,3.97,0,40,40,37,18,6,41,14,1.28,9.2,3.19,4.1,674.7,2895
Trevor Bauer,Indians,12,9,0,3.95,29,29,170,155,75,24,177,60,1.27,9.36,3.15,4.1,137.9,12703
Jim Johnson,Angels,3,2,0,3.8,0,55,55,52,23,6,49,22,1.33,8.09,3.52,4.1,550.9,3656
Tyler Webb,Brewers,1,1,0,3.89,0,20,20,18,9,3,22,7,1.27,10.1,3.32,4.1,999,14974
Masahiro Tanaka,Yankees,13,8,0,3.83,29,29,178,167,76,30,178,39,1.15,8.98,1.97,4.1,98.3,15764
Chris O'Grady,Marlins,2,3,0,3.83,2,42,49,45,21,6,45,17,1.28,8.25,3.15,4.1,999,13818
Jon Lester,Cubs,13,10,0,4.04,32,32,194,183,87,25,185,68,1.3,8.59,3.15,4.1,117.2,4930
Edward Paredes,Dodgers,1,1,0,3.76,0,25,25,20,10,3,31,13,1.32,11.17,4.57,4.1,999,4168
Darren O'Day,Orioles,4,3,0,3.7,0,65,65,54,27,11,76,22,1.17,10.49,2.99,4.12,562.4,3321
Kyle Hendricks,Cubs,12,9,0,3.89,29,29,169,162,73,21,135,49,1.25,7.21,2.6,4.12,115.7,12049
Julio Urias,Dodgers,3,2,0,3.99,6,6,38,36,17,4,34,15,1.34,8.04,3.49,4.12,618.5,14765
Matt Belisle,Indians,3,2,0,4.07,0,55,55,55,25,7,47,17,1.32,7.66,2.76,4.12,616.9,1837
Danny Duffy,Royals,10,11,0,3.93,29,29,175,163,76,25,161,49,1.21,8.26,2.5,4.13,190,3542
Artie Lewicki,Tigers,1,1,0,3.91,0,15,15,14,7,2,13,5,1.28,7.93,3.25,4.13,999,16731
Chase Bradford,Mariners,1,1,0,3.93,0,20,20,20,9,3,16,5,1.26,7.02,2.35,4.13,999,12452
Ryan Pressly,Twins,2,2,0,4.03,0,45,45,43,20,6,42,15,1.3,8.48,3.01,4.13,649.8,7005
Jacob Barnes,Brewers,2,2,0,3.94,0,45,45,41,20,6,47,19,1.32,9.4,3.75,4.13,615.1,12323
Akeel Morris,Braves,0,1,0,3.79,0,10,10,8,4,1,12,5,1.32,10.75,4.74,4.14,999,12185
Julian Merryweather,Indians,1,1,0,3.99,0,15,15,14,7,2,15,5,1.26,9.06,2.93,4.14,999,sa829363
Michael Fulmer,Tigers,11,11,0,3.88,29,29,184,178,79,23,148,52,1.25,7.24,2.52,4.14,194,13218
Chaz Roe,Rays,2,2,0,3.83,0,40,40,35,17,5,44,17,1.3,9.97,3.86,4.14,699.2,9866
Chasen Shreve,Yankees,2,2,0,3.73,0,35,35,29,15,5,39,15,1.26,10.15,3.81,4.15,999,10855
Oliver Drake,Brewers,1,1,0,4.03,0,25,25,23,11,3,26,12,1.37,9.5,4.23,4.15,999,8823
Sammy Solis,Nationals,1,1,0,3.97,0,20,20,19,9,2,20,8,1.35,8.82,3.74,4.15,999,11457
Trevor Oaks,Royals,5,6,0,4.07,15,15,84,87,38,10,59,20,1.27,6.35,2.16,4.15,724.9,sa829144
Jimmy Nelson,Brewers,6,5,0,4.17,16,16,95,90,44,12,95,38,1.34,8.96,3.57,4.15,321.8,10547
Jake Petricka,Blue Jays,1,0,0,4.04,0,10,10,10,4,1,8,4,1.39,7.25,3.35,4.16,999,10534
Alex Colome,Rays,3,3,0,3.74,0,65,65,59,27,8,58,22,1.25,8.04,3.06,4.16,127.6,6661
Ryan Dull,Athletics,1,0,0,3.77,0,10,10,9,4,2,10,3,1.16,8.91,2.58,4.16,706.7,13974
Carlos Estevez,Rockies,1,1,0,4.22,0,20,20,20,9,2,19,8,1.37,8.49,3.45,4.16,999,14542
Forrest Whitley,Astros,2,1,0,4.08,5,5,28,25,13,4,31,10,1.28,9.83,3.3,4.17,562.3,sa917930
Brady Rodgers,Astros,1,0,0,4.1,0,10,10,10,5,1,9,3,1.26,8.07,2.37,4.19,999,13393
Brian Duensing,Cubs,2,1,0,4.06,0,35,35,33,16,4,32,13,1.32,8.24,3.34,4.2,999,4064
Buddy Baumann,Padres,2,2,0,3.88,0,35,35,30,15,5,38,15,1.29,9.68,3.86,4.2,999,9309
Pedro Baez,Dodgers,2,2,0,3.89,0,45,45,40,19,6,43,15,1.23,8.66,3,4.2,646.7,5420
Chih-Wei Hu,Rays,1,1,0,3.83,0,15,15,13,6,2,14,5,1.24,8.48,3.08,4.2,999,16419
Sonny Gray,Yankees,14,8,0,3.73,31,31,185,170,77,26,169,60,1.24,8.22,2.94,4.2,141.9,12768
Eduardo Rodriguez,Red Sox,4,3,0,4.11,11,11,65,62,30,10,64,22,1.29,8.9,3.09,4.2,322.8,13164
Matt Bowman,Cardinals,2,2,0,4.03,0,40,40,41,18,4,30,14,1.37,6.79,3.18,4.2,999,13528
Hyun-Jin Ryu,Dodgers,9,7,0,4.13,23,23,132,132,61,18,118,43,1.33,8.01,2.96,4.21,339.7,14444
Brandon Maurer,Royals,3,4,0,4.22,0,65,65,64,30,9,57,21,1.31,7.83,2.87,4.21,533.6,4878
Alan Busenitz,Twins,1,1,0,4.09,0,20,20,20,9,3,18,7,1.33,7.97,3.12,4.21,680.8,15239
Noe Ramirez,Angels,1,1,0,3.88,0,15,15,13,6,2,16,6,1.24,9.55,3.33,4.21,999,12800
Steven Matz,Mets,7,7,0,4.22,21,21,121,125,57,16,97,34,1.32,7.2,2.56,4.21,331.4,13361
Seung Hwan Oh,Blue Jays,3,2,0,3.94,0,55,55,51,24,9,53,14,1.18,8.66,2.23,4.21,475,18719
Miles Mikolas,Cardinals,8,7,0,4.24,21,21,120,122,57,17,103,31,1.27,7.72,2.32,4.21,293.8,9803
Austin Adams,Nationals,1,0,0,3.67,0,10,10,7,4,1,13,8,1.51,11.71,6.92,4.22,999,13801
Dan Jennings,Rays,3,3,0,3.7,0,65,65,60,27,7,53,28,1.36,7.4,3.85,4.22,643.5,8073
Daniel Hudson,Rays,2,2,0,3.82,0,45,45,39,19,6,46,18,1.26,9.28,3.59,4.22,637.9,7146
Kyle Zimmer,Royals,0,1,0,4.04,0,10,10,9,4,1,11,4,1.32,9.54,3.83,4.22,999,sa621583
Marc Rzepczynski,Mariners,2,2,0,3.64,0,40,40,36,16,4,35,19,1.38,7.9,4.26,4.23,999,6612
Ty Buttrey,Red Sox,1,1,0,4,0,15,15,13,7,2,15,8,1.4,9.28,4.58,4.24,999,sa657997
John Brebbia,Cardinals,1,1,0,4.11,0,25,25,24,11,4,24,7,1.24,8.81,2.65,4.24,665,12777
Bryan Shaw,Rockies,3,3,0,4.37,0,65,65,67,32,8,57,25,1.41,7.91,3.4,4.24,592.8,8110
Sergio Romo,Rays,3,3,0,3.79,0,55,55,48,23,10,56,14,1.14,9.23,2.33,4.25,659,9817
Carlos Rodon,White Sox,5,6,0,4.18,16,16,93,89,43,14,95,34,1.33,9.19,3.33,4.25,374.3,16137
Patrick Corbin,Diamondbacks,8,9,0,4.39,24,24,140,146,68,17,120,51,1.41,7.71,3.29,4.25,231.2,9323
Zac Rosscup,,1,1,0,4.34,0,25,25,22,12,3,29,13,1.42,10.49,4.68,4.25,999,9419
Heath Hembree,Red Sox,2,2,0,4.13,0,45,45,42,21,7,45,15,1.27,9.06,2.96,4.26,999,11632
Drew Pomeranz,Red Sox,11,9,0,3.99,28,28,157,145,70,23,159,62,1.32,9.12,3.55,4.27,189.3,11426
Shelby Miller,Diamondbacks,2,2,0,4.29,6,6,37,36,18,4,30,14,1.36,7.36,3.42,4.27,667,10197
Luis Castillo,Reds,8,9,0,4.16,24,24,142,138,66,21,132,46,1.3,8.39,2.89,4.27,94.9,15689
Jake Barrett,Diamondbacks,1,1,0,4.1,0,10,10,9,5,1,9,5,1.39,8.38,4.24,4.27,999,13322
Shane Greene,Tigers,3,3,0,4.08,0,65,65,60,29,8,65,27,1.34,9.02,3.76,4.28,230.4,10756
Justin Grimm,Royals,2,2,0,4.25,0,45,45,42,21,5,46,22,1.41,9.27,4.4,4.28,999,11720
Rick Porcello,Red Sox,12,9,0,4.25,29,29,183,190,86,30,160,38,1.24,7.87,1.85,4.28,237.3,2717
Gio Gonzalez,Nationals,12,10,0,4.19,31,31,180,176,84,23,162,70,1.37,8.1,3.52,4.28,154.5,7448
Miguel Almonte,Royals,1,1,0,4.07,0,20,20,18,9,2,20,9,1.36,9.13,4.11,4.28,999,14139
Matt Bush,Rangers,3,3,0,4.14,0,55,55,52,25,8,55,20,1.31,8.95,3.27,4.29,454.6,1246
T.J. McFarland,Diamondbacks,1,1,0,4.25,0,20,20,22,9,2,11,7,1.44,4.96,3.09,4.3,999,3237
Collin McHugh,Astros,4,3,0,4.17,6,41,72,69,33,11,67,22,1.27,8.31,2.73,4.3,362.9,7531
Jake Arrieta,Phillies,11,11,0,3.94,31,31,179,159,78,24,166,70,1.28,8.37,3.5,4.3,102.1,4153
Jake McGee,Rockies,3,3,0,4.44,0,65,65,66,32,10,62,22,1.36,8.53,3.06,4.31,536.6,7550
Brock Stewart,Dodgers,7,6,0,4.01,16,26,104,97,46,15,96,35,1.27,8.3,3.02,4.31,542.9,16727
Joe Kelly,Red Sox,3,2,0,4.07,0,55,55,52,25,6,51,25,1.4,8.39,4.02,4.31,647.8,9761
John Gant,Cardinals,2,2,0,4.16,2,32,39,37,18,5,37,16,1.37,8.5,3.75,4.31,999,13684
Joe Musgrove,Pirates,9,11,0,4.39,28,28,159,168,78,23,132,43,1.32,7.47,2.42,4.31,339.9,12970
Kevin Gausman,Orioles,11,11,0,4.29,31,31,177,178,84,28,170,57,1.33,8.67,2.91,4.32,199.1,14107
Tyler Anderson,Rockies,8,9,0,4.47,24,24,141,147,70,20,122,47,1.38,7.76,2.99,4.32,418.9,12880
Taijuan Walker,Diamondbacks,11,12,0,4.23,32,32,185,180,87,24,162,66,1.33,7.86,3.22,4.32,204.3,11836
Danny Barnes,Blue Jays,3,2,0,3.94,0,55,55,48,24,9,57,18,1.2,9.29,2.9,4.32,999,11388
Caleb Smith,Marlins,2,3,0,4.01,3,33,49,44,22,6,47,22,1.34,8.65,4.03,4.33,999,14875
Dillon Peters,Marlins,2,2,0,4.17,6,6,37,38,17,4,28,12,1.36,6.74,3.01,4.33,561.4,18790
Boone Logan,Brewers,2,2,0,4.15,0,40,40,37,18,6,46,18,1.37,10.37,4.1,4.33,999,5525
Yusmeiro Petit,Athletics,3,3,0,4.1,0,65,65,61,30,11,62,16,1.18,8.55,2.18,4.33,477.3,4020
A.J. Schugel,Pirates,2,3,0,4.34,0,55,55,56,27,6,45,22,1.42,7.42,3.59,4.33,999,11432
Blake Snell,Rays,10,11,0,4.06,29,29,167,152,75,22,170,78,1.37,9.15,4.19,4.34,204.6,13543
Williams Jerez,Red Sox,1,0,0,4.11,0,10,10,9,5,1,10,4,1.36,8.87,3.81,4.34,999,sa597797
Daniel Coulombe,Athletics,1,1,0,4.06,0,25,25,24,11,3,21,11,1.41,7.55,4.07,4.35,999,13293
Matt Albers,Brewers,3,3,0,4.15,0,55,55,54,25,8,50,19,1.32,8.21,3.1,4.35,611,4300
Jose Alvarez,Angels,3,2,0,4.13,0,45,45,45,21,6,39,14,1.31,7.71,2.87,4.35,999,5358
Zach Duke,Twins,2,2,0,4.01,0,40,40,39,18,5,35,14,1.34,7.88,3.25,4.35,999,3840
Rex Brothers,Braves,1,2,0,4.04,0,30,30,25,13,4,37,19,1.47,10.99,5.84,4.36,725.5,9794
Shane Carle,Braves,0,1,0,4.43,0,10,10,10,5,1,8,3,1.33,7.63,2.61,4.36,999,15258
Aaron Sanchez,Blue Jays,9,8,0,3.97,24,24,140,135,62,16,108,51,1.32,6.95,3.27,4.36,203.4,11490
Dinelson Lamet,Padres,8,9,0,4.22,24,24,140,122,66,20,158,66,1.34,10.14,4.27,4.36,205,17186
Tyler Skaggs,Angels,8,8,0,4.12,23,23,130,125,60,18,116,45,1.31,8.04,3.12,4.36,377.5,10190
Sean Manaea,Athletics,9,10,0,4.27,28,28,160,159,76,24,142,50,1.31,7.98,2.81,4.37,247.5,15873
Burch Smith,Royals,2,2,0,4.15,0,35,35,31,16,5,37,13,1.28,9.41,3.46,4.37,709.1,12784
Nathan Eovaldi,Rays,7,8,0,4.22,21,21,121,121,57,17,101,41,1.34,7.5,3.07,4.37,508.1,9132
Matt Andriese,Rays,7,9,0,4.09,18,43,128,122,58,20,115,37,1.24,8.07,2.59,4.38,502,12022
Joe Biagini,Blue Jays,6,6,0,4.26,15,25,95,96,45,12,73,31,1.34,6.94,2.97,4.38,575.4,13194
Ryan Tepera,Blue Jays,3,3,0,4.08,0,65,65,59,29,10,65,24,1.28,8.97,3.32,4.39,609.3,10291
Brooks Pounders,Angels,1,1,0,4.1,0,25,25,22,11,4,27,10,1.28,9.55,3.65,4.4,748,10387
J.A. Happ,Blue Jays,11,10,0,4.19,31,31,179,174,83,27,163,62,1.32,8.2,3.1,4.4,252.2,7410
Juan Minaya,White Sox,3,4,0,4.17,0,65,65,59,30,9,66,29,1.35,9.12,4.04,4.41,358.8,10341
Dan Slania,Giants,0,1,0,4.34,0,10,10,10,5,1,9,4,1.38,8.37,3.68,4.41,999,15639
Jose Berrios,Twins,11,9,0,4.24,29,29,169,158,80,24,163,63,1.31,8.68,3.36,4.41,105.1,14168
Taylor Guerrieri,Blue Jays,2,1,0,4.13,2,17,24,24,11,3,19,8,1.34,7.26,3.16,4.41,999,sa597787
Adam Ottavino,Rockies,3,3,0,4.53,0,55,55,54,28,8,59,25,1.43,9.6,4.1,4.41,660.3,1247
Jeremy Jeffress,Brewers,3,3,0,4.27,0,55,55,58,26,6,41,21,1.45,6.68,3.46,4.41,636.9,9490
Zack Wheeler,Mets,7,8,0,4.25,18,38,127,123,60,16,115,54,1.39,8.14,3.82,4.41,420.5,10310
Tommy Hunter,Phillies,3,3,0,4.2,0,65,65,64,30,11,62,17,1.25,8.64,2.35,4.41,569.7,1157
Fernando Salas,Diamondbacks,2,2,0,4.43,0,45,45,46,22,7,37,13,1.3,7.32,2.5,4.41,999,4971
Albert Suarez,Diamondbacks,2,2,0,4.48,0,30,30,30,15,4,24,11,1.38,7.35,3.27,4.41,999,6175
Bryan Mitchell,Padres,6,8,0,4.57,19,19,111,121,56,13,80,39,1.44,6.51,3.15,4.41,484.4,11479
Ryne Stanek,Rays,2,2,0,3.95,0,35,35,30,15,5,40,17,1.33,10.37,4.35,4.41,685.8,15947
David Phelps,Mariners,3,3,0,4.1,0,55,55,49,25,8,60,24,1.34,9.78,4,4.41,671.4,6316
Juan Nicasio,Mariners,3,3,0,4.15,0,65,65,58,30,10,69,27,1.31,9.62,3.79,4.42,435.2,7731
Zach Davies,Brewers,10,10,0,4.44,29,29,170,184,84,22,117,49,1.37,6.19,2.61,4.42,299,13183
Raul Alcantara,Athletics,1,1,0,4.2,0,15,15,15,7,2,11,5,1.31,6.6,2.8,4.42,999,12790
Trevor Williams,Pirates,6,8,0,4.53,21,21,120,128,60,15,88,41,1.41,6.61,3.09,4.43,443.4,16977
Mike Mayers,Cardinals,1,0,0,4.37,0,10,10,10,5,1,9,4,1.39,8.23,3.56,4.44,999,15451
Jack Flaherty,Cardinals,3,3,0,4.45,8,8,46,47,23,7,41,16,1.36,7.94,3.08,4.44,357.4,17479
Mike Leake,Mariners,11,11,0,4.15,31,31,184,190,85,27,127,40,1.25,6.23,1.96,4.45,328.5,10130
Blake Wood,Angels,2,2,0,4.2,0,40,40,37,19,5,40,19,1.4,8.91,4.28,4.45,657,1345
Stephen Gonsalves,Twins,1,1,0,4.15,2,2,9,8,4,1,8,3,1.3,8.25,3.4,4.45,598.8,sa737764
Brandon Kintzler,Nationals,3,3,0,4.35,0,55,55,61,27,7,33,15,1.39,5.47,2.52,4.46,485.4,9939
Austin Pruitt,Rays,1,1,0,4.32,0,20,20,20,10,3,18,6,1.3,8.02,2.7,4.46,686.3,15290
Mike Clevinger,Indians,7,6,0,4.35,19,19,113,103,55,17,122,51,1.36,9.74,4.03,4.46,205.4,12808
Matt Strahm,Padres,3,4,0,4.21,5,30,53,49,25,8,56,22,1.33,9.52,3.71,4.46,542.3,13799
Sean Newcomb,Braves,8,11,0,4.48,28,28,156,150,78,20,157,81,1.48,9.08,4.68,4.46,319.1,16943
Brad Peacock,Astros,6,5,0,4.2,10,50,96,83,45,15,108,44,1.33,10.15,4.14,4.46,258.9,5401
Joe Ross,Nationals,1,1,0,4.48,2,2,9,9,4,1,7,3,1.34,7.46,2.61,4.47,613.2,12972
Brad Boxberger,Diamondbacks,3,3,0,4.36,0,55,55,49,27,8,61,27,1.39,10,4.42,4.47,323.3,10133
Andrew Triggs,Athletics,7,9,0,4.47,23,23,132,137,66,18,104,40,1.34,7.11,2.75,4.47,490.1,13533
Chris Stratton,Giants,9,11,0,4.72,28,28,157,169,82,20,120,59,1.45,6.89,3.38,4.47,463.8,13761
Brandon Woodruff,Brewers,4,4,0,4.41,11,11,65,66,32,9,54,22,1.35,7.42,3.03,4.47,387.1,16162
Severino Gonzalez,Marlins,0,1,0,4.28,0,10,10,10,5,2,8,3,1.26,7.17,2.37,4.48,999,14697
Jordan Montgomery,Yankees,11,8,0,4.14,28,28,156,148,72,25,145,53,1.29,8.37,3.04,4.48,242.3,16511
Austin Gomber,Cardinals,1,1,0,4.29,2,12,19,18,9,3,18,8,1.35,8.62,3.62,4.48,999,sa827376
Jesse Biddle,Braves,1,1,0,4.31,0,20,20,18,10,2,20,11,1.47,8.9,4.95,4.49,999,sa548186
Wander Suero,Nationals,1,0,0,4.25,0,10,10,10,5,1,9,4,1.34,8.39,3.39,4.49,999,sa548041
Steven Brault,Pirates,3,4,0,4.31,8,28,67,66,32,8,54,30,1.43,7.24,4,4.49,676.5,15291
Nathan Karns,Royals,5,7,0,4.52,18,18,102,98,51,16,103,41,1.36,9.08,3.58,4.5,456.9,12638
Santiago Casilla,Athletics,2,2,0,4.22,0,45,45,43,21,6,40,17,1.33,8.09,3.47,4.5,639.6,2873
Chad Kuhl,Pirates,9,11,0,4.55,28,28,160,164,81,22,135,60,1.4,7.6,3.39,4.5,387.6,14975
Clay Holmes,Pirates,0,0,0,4.1,0,10,10,9,5,1,9,6,1.55,8.16,5.67,4.5,999,sa598167
Nick Vincent,Mariners,3,3,0,4.13,0,65,65,62,30,11,57,18,1.23,7.93,2.52,4.5,676.9,7555
Alex Cobb,Orioles,10,10,0,4.36,28,28,170,178,82,24,124,48,1.33,6.56,2.57,4.51,244.8,6562
Brad Brach,Orioles,3,3,0,4.24,0,65,65,60,31,10,68,27,1.33,9.38,3.74,4.51,206.4,6627
Craig Stammen,Padres,3,4,0,4.42,0,65,65,67,32,10,55,21,1.35,7.68,2.86,4.51,687.2,7274
Josh Osich,Giants,2,2,0,4.27,0,40,40,39,19,4,34,20,1.46,7.54,4.43,4.51,999,11528
Brian Ellington,Marlins,0,1,0,4.12,0,10,10,8,5,1,10,6,1.39,9.42,5.07,4.52,999,17233
Mike Montgomery,Cubs,5,4,0,4.29,5,65,88,88,42,10,69,38,1.43,7.05,3.87,4.53,395.9,4869
Scott Barlow,Royals,1,1,0,4.26,0,15,15,13,7,2,17,8,1.41,9.95,4.8,4.53,999,sa597976
Tanner Roark,Nationals,11,9,0,4.23,29,29,170,165,80,23,145,66,1.36,7.67,3.5,4.53,247,8753
Scott Oberg,Rockies,1,1,0,4.63,0,25,25,26,13,3,21,11,1.5,7.47,3.97,4.53,999,13911
Wandy Peralta,Reds,2,3,0,4.25,0,55,55,53,26,7,47,26,1.44,7.75,4.25,4.53,720.5,14295
Drew VerHagen,Tigers,2,3,0,4.25,0,55,55,55,26,6,39,21,1.4,6.31,3.52,4.54,999,13424
Bud Norris,Cardinals,3,2,0,4.51,0,55,55,55,28,8,53,22,1.39,8.65,3.54,4.54,518.6,9492
Brandon Morrow,Cubs,3,3,0,4.4,0,65,65,64,32,10,62,24,1.35,8.52,3.39,4.54,171.1,9346
Jen-Ho Tseng,Cubs,2,2,0,4.48,2,22,29,29,14,4,24,10,1.34,7.4,2.97,4.55,680.2,15524
Andrew Heaney,Angels,6,5,0,4.37,16,16,92,90,45,15,87,31,1.32,8.52,3.08,4.55,402.7,15423
Adam Morgan,Phillies,3,3,0,4.5,2,47,54,55,27,9,49,17,1.34,8.17,2.9,4.55,689.7,12580
Tyler Chatwood,Cubs,9,8,0,4.28,24,24,139,133,66,16,121,70,1.46,7.83,4.52,4.55,260.4,4338
Rafael Montero,Mets,2,2,0,4.36,2,32,39,36,19,5,37,20,1.45,8.53,4.69,4.55,640.3,12760
Hector Neris,Phillies,3,3,0,4.29,0,65,65,58,31,11,72,26,1.3,10.03,3.65,4.56,142.8,11804
Jared Hughes,Reds,2,3,0,4.35,0,50,50,51,24,6,37,19,1.4,6.68,3.37,4.56,694.5,9325
Ryan Buchter,Athletics,2,2,0,3.97,0,35,35,28,15,5,37,18,1.31,9.49,4.64,4.56,668.5,9456
Kyle Gibson,Twins,10,9,0,4.44,28,28,156,163,77,21,123,58,1.41,7.09,3.33,4.56,442.7,10123
Kendall Graveman,Athletics,10,11,0,4.35,29,29,169,178,82,22,109,50,1.35,5.79,2.68,4.56,480.2,15514
Adam Wainwright,Cardinals,8,9,0,4.68,24,24,142,154,74,19,106,51,1.44,6.7,3.24,4.56,434.6,2233
Kevin McCarthy,Royals,3,3,0,4.32,0,55,55,58,26,7,35,19,1.4,5.77,3.08,4.56,999,15240
Sam Freeman,Braves,2,2,0,4.04,0,45,45,40,20,5,42,25,1.45,8.35,4.97,4.56,999,6832
Xavier Cedeno,White Sox,1,1,0,4.27,0,15,15,15,7,2,13,5,1.36,7.56,3.16,4.57,999,36
Hansel Robles,Mets,2,2,0,4.39,0,35,35,32,17,5,35,16,1.37,8.93,4.2,4.57,666.6,11801
Tyler Herb,Giants,0,1,0,4.89,2,2,9,10,5,1,7,4,1.49,6.76,3.63,4.57,999,sa829625
Michael Lorenzen,Reds,3,3,0,4.38,0,60,60,59,29,8,53,26,1.42,7.96,3.89,4.57,602.9,14843
Blaine Hardy,Tigers,1,1,0,4.22,0,20,20,19,9,3,17,8,1.35,7.81,3.62,4.57,999,6499
Tony Barnette,Rangers,2,2,0,4.56,0,35,35,36,18,5,31,13,1.4,8.02,3.26,4.58,999,3555
Yonny Chirinos,Rays,6,7,0,4.19,16,26,104,104,48,18,80,23,1.22,6.9,1.96,4.58,642.2,sa735855
Henry Owens,Dodgers,1,0,0,4.04,0,10,10,8,4,1,10,6,1.43,9.36,5.65,4.59,999,13143
Chris Bassitt,Athletics,1,2,0,4.43,3,13,29,28,14,4,23,12,1.39,7.27,3.75,4.59,999,12304
Robert Gsellman,Mets,2,2,0,4.42,6,6,37,39,18,5,24,12,1.38,5.92,2.91,4.59,563,13696
German Marquez,Rockies,8,9,0,5.02,24,24,139,156,78,22,117,43,1.43,7.6,2.8,4.59,336.1,15038
Luis Garcia,Phillies,3,3,0,4.16,0,55,55,53,25,6,47,27,1.46,7.76,4.45,4.59,646.8,6984
Antonio Senzatela,Rockies,4,5,0,4.68,13,13,74,79,38,10,55,26,1.42,6.67,3.18,4.59,658.8,15488
Tyler Beede,Giants,2,2,0,4.67,6,6,37,39,19,5,27,14,1.45,6.65,3.52,4.59,638.2,sa597784
Wily Peralta,Royals,3,3,0,4.47,0,55,55,57,27,7,42,22,1.44,6.91,3.57,4.6,654.7,7738
David Hernandez,Reds,3,3,0,4.33,0,65,65,61,31,11,63,24,1.31,8.79,3.26,4.6,661.9,4259
Tyler Thornburg,Red Sox,2,2,0,4.41,0,35,35,32,17,6,40,16,1.37,10.22,4.14,4.6,642.1,10688
Jordan Lyles,Padres,1,2,0,4.45,0,30,30,31,15,4,23,12,1.42,6.91,3.61,4.6,707,7593
Adam Warren,Yankees,2,2,0,4.28,0,40,40,39,19,6,35,13,1.32,7.92,3.01,4.6,645,9029
Jake Faria,Rays,8,9,0,4.18,24,24,142,126,66,23,144,61,1.31,9.13,3.85,4.61,233.6,13699
Cody Anderson,Indians,1,1,0,4.42,2,12,19,19,9,3,16,6,1.32,7.66,2.79,4.61,750,12799
Adalberto Mejia,Twins,2,2,0,4.61,6,6,38,40,19,6,32,13,1.38,7.57,3.03,4.61,577,13188
Nik Turley,Pirates,0,1,0,4.37,0,10,10,9,5,1,12,6,1.46,10.48,5.35,4.61,999,5530
Randall Delgado,Diamondbacks,2,3,0,4.48,0,45,45,43,22,6,41,20,1.4,8.24,4.06,4.61,999,5985
Mark Leiter,Phillies,2,3,0,4.42,3,33,49,48,24,8,46,18,1.34,8.37,3.22,4.61,557.5,15551
Erasmo Ramirez,Mariners,8,8,0,4.25,23,23,129,126,61,22,108,35,1.25,7.51,2.48,4.61,473.5,10314
Alex Wilson,Tigers,3,3,0,4.45,0,65,65,69,32,9,45,19,1.34,6.18,2.58,4.61,653.3,9239
Dylan Bundy,Orioles,10,10,0,4.41,29,29,177,169,87,30,170,61,1.3,8.63,3.11,4.62,192.3,12917
Nick Tropeano,Angels,3,3,0,4.42,8,8,46,44,23,8,45,17,1.31,8.77,3.25,4.62,617.7,12385
Chris Rusin,Rockies,3,4,0,4.85,0,70,70,78,38,10,56,25,1.48,7.21,3.24,4.62,644.4,9895
Damien Magnifico,Angels,1,1,0,4.16,0,20,20,18,9,3,19,10,1.4,8.52,4.43,4.62,999,13395
Ervin Santana,Twins,10,8,0,4.36,24,24,152,148,74,24,129,50,1.3,7.62,2.96,4.62,239.6,3200
Reymin Guduan,Astros,1,1,0,4.3,0,15,15,14,7,2,15,9,1.5,8.95,5.19,4.62,999,13058
Brent Suter,Brewers,7,8,0,4.66,21,21,119,131,62,19,88,30,1.36,6.67,2.29,4.63,532.5,13942
Frankie Montas,Athletics,1,1,0,4.53,3,3,19,19,10,3,18,7,1.37,8.46,3.53,4.63,669.6,14309
Buddy Boshers,Astros,0,0,0,4.43,0,5,5,5,2,1,5,2,1.42,8.4,4.08,4.63,999,8490
Michael Kopech,White Sox,5,6,0,4.39,15,15,84,76,41,12,88,42,1.4,9.48,4.5,4.63,316.1,sa828680
Jhoulys Chacin,Brewers,8,9,0,4.46,24,24,140,140,69,18,114,59,1.42,7.32,3.77,4.63,356,2608
Jose Leclerc,Rangers,3,3,0,4.06,0,65,65,50,29,8,77,45,1.47,10.72,6.27,4.64,625.6,14524
Richard Bleier,Orioles,2,2,0,4.29,0,45,45,51,21,6,22,10,1.36,4.34,2.08,4.64,999,7803
Ivan Nova,Pirates,8,11,0,4.83,28,28,165,189,89,24,111,40,1.39,6.05,2.18,4.64,348.7,1994
Chase Whitley,Braves,2,2,0,4.61,0,35,35,36,18,6,29,11,1.34,7.46,2.8,4.64,668.9,10982
Chris Hatcher,Athletics,3,4,0,4.51,0,65,65,65,33,11,59,22,1.34,8.18,3.05,4.65,642.1,3299
Ryan Merritt,Indians,4,4,0,4.6,6,36,68,75,35,11,46,16,1.34,6.1,2.07,4.65,668.5,13688
Ty Blach,Giants,6,7,0,4.73,19,19,114,131,60,14,56,33,1.43,4.43,2.57,4.66,602.9,14361
Colin Rea,Padres,4,5,0,4.68,13,13,74,77,38,10,55,28,1.42,6.75,3.36,4.66,711.8,12317
Robby Scott,Red Sox,1,1,0,4.27,0,25,25,23,12,4,23,9,1.28,8.45,3.07,4.67,999,13042
George Kontos,Pirates,3,3,0,4.54,0,65,65,66,33,11,54,20,1.34,7.48,2.83,4.67,676.2,9486
Tyler Glasnow,Pirates,4,5,0,4.56,13,13,75,67,38,10,76,43,1.46,9.12,5.11,4.67,374.2,14374
Lance Lynn,Twins,10,9,0,4.36,26,26,149,145,72,22,126,59,1.37,7.64,3.57,4.67,225.8,2520
Matt Shoemaker,Angels,8,8,0,4.42,23,23,129,127,63,24,119,35,1.25,8.27,2.45,4.67,344,4776
Jaime Garcia,Blue Jays,8,8,0,4.35,23,23,129,130,62,19,106,50,1.39,7.42,3.52,4.67,493.7,8137
Neftali Feliz,Diamondbacks,1,1,0,4.44,0,10,10,9,5,1,9,4,1.36,8.03,3.76,4.68,999,18
Tony Cingrani,Dodgers,3,2,0,4.09,0,55,55,46,25,8,58,30,1.38,9.42,4.91,4.68,704.8,12555
Brandon McCarthy,Braves,8,12,0,4.95,28,28,158,174,87,24,126,56,1.46,7.18,3.22,4.68,423.3,4662
Jairo Diaz,Rockies,0,1,0,4.89,0,10,10,11,5,1,9,5,1.55,7.88,4.43,4.68,999,12774
Eric Skoglund,Royals,2,3,0,4.69,6,16,48,50,25,7,40,17,1.4,7.43,3.18,4.68,710.5,16155
Nick Kingham,Pirates,2,3,0,4.66,5,15,38,40,20,5,29,13,1.39,6.81,3.12,4.68,694.9,sa548285
Erik Goeddel,Mariners,1,1,0,4.4,0,10,10,9,5,2,10,4,1.36,8.96,4,4.69,999,11712
Josh Smoker,Pirates,2,2,0,4.65,0,40,40,39,21,7,42,18,1.44,9.39,4.04,4.69,999,10285
Anthony DeSclafani,Reds,8,9,0,4.77,24,24,146,156,77,25,124,43,1.36,7.66,2.67,4.69,388.2,13050
Luis Perdomo,Padres,8,11,0,4.7,26,26,152,169,79,21,109,54,1.47,6.45,3.21,4.7,509.8,14682
Matt Koch,Diamondbacks,1,1,0,4.84,0,10,10,11,5,1,7,3,1.43,6.21,3.03,4.7,999,13420
Felix Hernandez,Mariners,9,10,0,4.31,28,28,159,150,76,25,142,63,1.34,8.03,3.58,4.7,283.6,4772
Cody Reed,Reds,2,3,0,4.66,3,28,44,45,23,6,41,22,1.51,8.29,4.42,4.7,707.1,15232
Anthony Banda,Rays,3,4,0,4.42,10,10,56,54,28,9,51,23,1.37,8.13,3.65,4.7,640.6,14706
Sal Romano,Reds,6,8,0,4.86,21,21,120,132,65,17,93,43,1.46,6.96,3.24,4.71,625.3,13690
Kyle Crick,Pirates,1,2,0,4.28,0,30,30,25,14,3,31,23,1.61,9.36,7.04,4.71,695.1,13182
Jorge de la Rosa,Diamondbacks,3,3,0,4.53,0,55,55,52,28,6,48,30,1.5,7.93,4.92,4.71,999,2047
Danny Farquhar,White Sox,2,3,0,4.34,0,45,45,42,22,7,42,19,1.37,8.49,3.89,4.71,999,8501
Shawn Kelley,Nationals,2,2,0,4.54,0,35,35,34,18,7,36,12,1.31,9.24,2.98,4.72,999,7773
Tyler Clippard,Blue Jays,2,2,0,4.14,0,35,35,29,16,6,37,15,1.26,9.63,3.78,4.72,732.5,5640
Shawn Morimando,Indians,2,2,0,4.56,3,23,39,39,20,6,33,17,1.42,7.7,3.88,4.73,999,13606
Chase Anderson,Brewers,10,11,0,4.66,29,29,170,171,88,28,151,62,1.37,8.01,3.3,4.73,173.8,6895
Jason Vargas,Mets,8,9,0,4.66,24,24,137,142,71,23,114,42,1.35,7.46,2.78,4.74,419.5,8044
Al Alburquerque,Blue Jays,0,0,0,4.41,0,5,5,5,2,1,5,2,1.39,8.62,4.07,4.74,696.3,6324
Jorge Lopez,Brewers,0,1,0,4.59,0,10,10,10,5,2,10,5,1.47,9.15,4.52,4.75,999,14527
Peter Moylan,Braves,3,3,0,4.42,0,55,55,56,27,7,42,22,1.42,6.93,3.67,4.75,999,4891
Rob Zastryzny,Cubs,0,0,0,4.69,0,10,10,10,5,2,9,4,1.44,7.99,3.86,4.76,999,15094
Chad Bell,Tigers,2,3,0,4.66,3,43,59,61,31,8,49,26,1.47,7.42,3.98,4.76,999,10297
Wei-Yin Chen,Marlins,0,1,0,4.63,2,2,9,9,5,2,7,2,1.33,6.85,2.48,4.77,619.1,13071
Kyle Freeland,Rockies,7,9,0,4.87,21,26,127,143,69,17,84,48,1.5,5.96,3.39,4.77,565.2,16256
Daniel Norris,Tigers,6,9,0,4.84,21,21,122,126,66,20,109,50,1.44,8.05,3.67,4.77,463.3,13475
Jeanmar Gomez,White Sox,0,1,0,4.56,0,10,10,11,5,2,8,3,1.37,6.77,2.72,4.77,999,9033
Martin Perez,Rangers,9,10,0,4.73,28,28,162,183,85,21,99,59,1.49,5.51,3.27,4.77,648.4,6902
Clayton Richard,Padres,9,13,0,4.78,31,31,185,212,98,25,120,66,1.5,5.85,3.22,4.78,486.1,3551
Jake Odorizzi,Twins,9,9,0,4.49,26,26,147,143,73,26,131,50,1.31,8.04,3.07,4.78,263.9,6397
Hector Velazquez,Red Sox,1,1,0,4.67,3,3,19,20,10,3,15,5,1.33,7.01,2.36,4.79,999,19341
Daniel Mengden,Athletics,7,9,0,4.61,23,23,132,133,68,20,107,49,1.38,7.31,3.36,4.8,401.1,16980
Brett Anderson,Athletics,3,4,0,4.81,10,10,56,64,30,7,34,21,1.51,5.39,3.29,4.8,670,8223
Vince Velasquez,Phillies,6,7,0,4.63,19,19,113,112,58,20,111,44,1.37,8.87,3.46,4.8,353.9,11189
Robbie Erlin,Padres,1,2,0,4.83,3,13,29,31,16,5,25,10,1.4,7.68,3.09,4.81,657.8,10354
Trevor Cahill,Athletics,5,7,0,4.75,11,41,94,92,50,13,88,49,1.5,8.45,4.7,4.81,592.9,6249
Jakob Junis,Royals,7,10,0,4.81,24,24,140,147,75,25,118,40,1.34,7.61,2.55,4.81,376.8,13619
Austin Brice,Reds,2,2,0,4.51,0,35,35,33,18,5,33,17,1.43,8.6,4.45,4.81,999,17237
Scott Kazmir,Braves,3,4,0,4.69,11,11,64,64,33,11,58,26,1.41,8.19,3.63,4.82,647.2,4897
Ryan Yarbrough,Rays,2,2,0,4.53,6,6,37,37,19,6,31,12,1.33,7.45,2.83,4.82,685.3,sa738545
Mike Dunn,Rockies,2,2,0,4.93,0,45,45,46,25,7,44,20,1.47,8.88,4.1,4.83,696.3,9948
Junichi Tazawa,Marlins,2,3,0,4.71,0,55,55,58,29,9,43,17,1.36,7.02,2.75,4.83,999,4079
Gregory Infante,White Sox,2,3,0,4.54,0,40,40,37,20,6,39,21,1.46,8.75,4.83,4.83,642.1,9119
Felix Pena,Angels,1,0,0,4.47,0,10,10,9,5,2,11,4,1.34,9.79,4.01,4.83,999,13403
Keury Mella,Reds,0,0,0,4.68,0,5,5,5,3,1,4,2,1.48,7.64,4.3,4.85,999,15964
Matt Harvey,Mets,8,9,0,4.72,24,24,138,144,72,21,107,52,1.42,6.96,3.38,4.86,335.7,11713
Paul Blackburn,Athletics,5,6,0,4.71,16,16,93,101,49,12,51,31,1.42,4.97,2.97,4.87,677.3,14739
Josh Tomlin,Indians,7,6,0,4.63,19,19,112,121,58,23,85,17,1.24,6.83,1.38,4.87,444.2,9388
Julio Teheran,Braves,9,12,0,4.7,29,29,175,178,91,30,141,56,1.34,7.27,2.89,4.88,238.6,6797
Casey Lawrence,Mariners,1,1,0,4.86,0,25,25,27,14,4,19,9,1.42,6.99,3.13,4.88,999,11121
Kris Medlen,Diamondbacks,0,1,0,4.9,0,10,10,11,5,2,8,4,1.45,7.11,3.54,4.88,999,9417
Wade Miley,Brewers,6,7,0,4.95,19,19,113,123,62,17,93,49,1.52,7.41,3.88,4.88,616.2,8779
Felix Jorge,Twins,1,1,0,4.71,2,12,19,20,10,3,13,5,1.36,6.37,2.55,4.9,999,14532
JC Ramirez,Angels,7,7,0,4.62,21,21,122,126,63,20,90,40,1.37,6.64,2.97,4.91,554.2,8302
Nick Pivetta,Phillies,6,8,0,4.75,21,21,122,123,64,22,115,48,1.4,8.49,3.52,4.92,430.8,15454
Joaquin Benoit,Nationals,3,3,0,4.53,0,55,55,52,28,9,50,23,1.38,8.25,3.84,4.92,999,1437
Hoby Milner,Phillies,2,2,0,4.62,0,35,35,35,18,6,31,14,1.4,7.99,3.69,4.92,999,13346
Cole Hamels,Rangers,11,12,0,4.79,32,32,198,203,105,31,168,84,1.45,7.65,3.81,4.93,238,4972
Mike Foltynewicz,Braves,8,12,0,4.88,28,28,160,167,87,28,138,57,1.4,7.75,3.19,4.93,340,10811
Dan Straily,Marlins,8,12,0,4.67,29,29,167,160,87,30,153,64,1.34,8.22,3.43,4.93,321.4,9460
Derek Holland,Giants,3,4,0,5.03,10,10,56,61,31,8,41,23,1.51,6.61,3.72,4.94,999,4141
Francisco Liriano,Tigers,6,10,0,4.63,21,31,132,129,68,20,121,69,1.5,8.28,4.7,4.94,583.8,3201
Jerad Eickhoff,Phillies,7,9,0,4.71,24,24,137,139,72,26,116,43,1.32,7.59,2.8,4.95,367,12664
Austin Voth,Nationals,1,2,0,4.77,2,17,24,25,13,4,19,10,1.45,7.18,3.81,4.95,999,sa621465
Aaron Wilkerson,Brewers,1,1,0,4.81,2,2,9,9,5,2,8,3,1.35,7.62,3.01,4.95,697.7,16904
Marco Gonzales,Mariners,5,6,0,4.67,16,16,94,97,49,16,74,32,1.37,7.11,3.05,4.95,557.1,15467
Justin Nicolino,Marlins,3,6,0,4.94,11,21,76,87,42,11,41,23,1.45,4.91,2.67,4.96,999,11754
Clayton Blackburn,Rangers,1,1,0,5.09,3,3,19,22,11,3,13,6,1.46,6.34,2.85,4.96,999,sa598302
James Needy,Marlins,0,1,0,4.89,2,2,9,10,5,1,7,3,1.45,6.62,3.47,4.97,999,sa501496
Marco Estrada,Blue Jays,11,10,0,4.35,29,29,170,150,82,31,154,66,1.27,8.15,3.49,4.97,306.4,1118
Tyler Mahle,Reds,6,7,0,4.84,19,19,111,117,60,20,89,35,1.37,7.23,2.84,4.99,410.5,16358
Daniel Gossett,Athletics,0,1,0,4.87,2,2,9,10,5,2,7,3,1.41,6.8,3.14,4.99,682.3,16164
Tom Koehler,Dodgers,1,0,0,4.6,0,10,10,10,5,2,9,5,1.42,8.02,4.07,4.99,720.5,6570
Aaron Slegers,Twins,1,1,0,4.97,2,2,9,10,5,1,6,3,1.41,6.12,2.78,5,689,15231
Reynaldo Lopez,White Sox,6,8,0,4.66,21,21,121,119,63,21,103,47,1.37,7.67,3.49,5.01,366.9,16400
Barrett Astin,Reds,0,1,0,4.92,0,10,10,11,5,2,8,4,1.49,7.52,3.91,5.01,999,14812
Sandy Alcantara,Marlins,6,11,0,4.93,21,31,132,134,72,19,113,68,1.53,7.71,4.63,5.01,544.5,18684
Seth Lugo,Mets,3,3,0,4.89,2,42,49,52,27,9,40,18,1.41,7.4,3.24,5.01,556.2,12447
Tyson Ross,Padres,5,8,0,4.97,19,19,110,113,61,13,84,60,1.57,6.9,4.93,5.01,551.4,7872
J.J. Hoover,Brewers,2,2,0,4.7,0,35,35,32,18,6,37,18,1.42,9.5,4.5,5.02,999,9037
CC Sabathia,Yankees,9,8,0,4.64,24,24,140,145,72,24,115,53,1.41,7.4,3.39,5.02,339,404
Ryan Carpenter,Tigers,1,1,0,4.95,2,12,19,20,10,4,18,7,1.4,8.48,3.28,5.03,999,sa455439
Ricky Nolasco,Royals,3,4,0,5.23,10,10,56,62,33,10,42,19,1.45,6.77,2.99,5.03,690.1,3830
Mike Wright,Orioles,2,3,0,4.89,5,15,38,40,21,7,30,13,1.4,7.1,3.11,5.03,999,12586
Matt Boyd,Tigers,7,9,0,4.67,23,23,132,132,68,24,110,46,1.34,7.52,3.11,5.04,509.3,15440
Chris Flexen,Mets,0,1,0,4.94,2,2,9,9,5,1,7,4,1.47,6.86,3.83,5.04,718.3,13896
Johnny Barbato,Tigers,0,1,0,4.75,0,10,10,10,5,2,9,5,1.42,8.26,4.08,5.05,999,11440
Ariel Jurado,Rangers,0,1,0,5.23,2,2,9,11,5,1,6,3,1.5,5.57,2.91,5.06,999,sa737364
Max Fried,Braves,2,3,0,5.02,8,8,46,49,26,7,38,21,1.53,7.51,4.2,5.07,540,13743
Buck Farmer,Tigers,4,6,0,4.97,10,40,86,90,48,16,74,33,1.43,7.77,3.49,5.09,678.4,14814
Connor Sadzeck,Rangers,1,1,0,4.97,2,12,19,19,10,3,18,10,1.51,8.43,4.6,5.09,999,sa550247
Lucas Giolito,White Sox,7,10,0,4.82,24,24,139,139,74,23,120,62,1.44,7.79,4.02,5.1,235.9,15474
Chad Bettis,Rockies,7,10,0,5.44,24,24,142,169,86,23,95,50,1.54,6.01,3.18,5.1,644,10587
Steven Wright,Red Sox,7,6,0,4.7,19,19,113,115,59,20,87,40,1.37,6.94,3.17,5.1,644.6,8185
Jason Hammel,Royals,7,12,0,5.09,28,28,156,166,88,29,125,53,1.4,7.23,3.04,5.1,526.5,4538
Brandon Workman,Red Sox,2,1,0,4.9,0,30,30,30,16,6,29,12,1.41,8.82,3.65,5.11,999,11428
Adbert Alzolay,Cubs,1,1,0,4.91,2,2,9,9,5,2,7,3,1.39,6.74,3.1,5.11,681.2,sa735853
Jaime Schultz,Rays,1,1,0,4.88,3,3,19,18,10,4,20,10,1.47,9.34,4.51,5.12,653.1,sa708975
Mike Minor,Rangers,7,8,0,4.97,21,21,121,125,67,24,112,45,1.41,8.32,3.38,5.12,315.5,10021
Doug Fister,Rangers,8,10,0,5.01,26,26,150,164,84,24,111,60,1.49,6.64,3.58,5.13,554.3,9425
Yovani Gallardo,Brewers,1,2,0,4.87,0,30,30,32,16,5,22,13,1.5,6.74,3.91,5.13,670.6,8173
Jeff Hoffman,Rockies,6,8,0,5.51,19,19,111,125,68,19,88,47,1.55,7.16,3.82,5.15,616.7,17432
Mike Fiers,Tigers,7,10,0,4.97,24,24,140,144,77,27,119,50,1.39,7.63,3.21,5.16,520.1,7754
Jake Thompson,Phillies,2,2,0,4.74,2,27,34,34,18,5,26,15,1.45,6.94,4.06,5.16,704.8,14371
Jordan Zimmermann,Tigers,8,12,0,5.09,29,29,168,186,95,31,115,49,1.4,6.15,2.6,5.16,588.7,4505
Warwick Saupold,Tigers,1,2,0,4.79,0,35,35,35,19,5,27,18,1.51,6.84,4.51,5.16,999,13211
Ben Lively,Phillies,5,6,0,4.82,16,16,92,95,49,17,64,28,1.34,6.29,2.78,5.17,598.9,14932
John Axford,Blue Jays,2,2,0,4.8,0,40,40,40,21,6,35,20,1.51,7.95,4.61,5.17,999,9059
Jeremy Hellickson,Nationals,5,6,0,5.19,16,16,93,104,54,17,63,28,1.42,6.14,2.7,5.18,643.5,4371
Yohander Mendez,Rangers,2,3,0,4.89,5,15,38,39,21,7,32,16,1.43,7.57,3.7,5.21,656.9,14391
Jacob Turner,Marlins,5,9,0,5.38,19,19,113,128,68,18,76,47,1.55,6.05,3.76,5.22,999,10185
Phil Hughes,Twins,4,5,0,5.18,10,20,66,76,38,14,44,14,1.36,6.05,1.93,5.22,999,7450
Jose Ramirez,Braves,3,4,0,4.96,0,65,65,62,36,11,63,35,1.49,8.76,4.86,5.22,630.1,10171
Duane Underwood Jr.,Cubs,0,0,0,4.98,0,10,10,10,6,2,8,5,1.5,7.52,4.46,5.22,999,sa657936
Eddie Butler,Cubs,2,2,0,5.25,5,5,28,31,16,4,16,11,1.5,5.24,3.44,5.23,678,13453
Braden Shipley,Diamondbacks,3,5,0,5.46,13,13,74,84,45,12,47,29,1.53,5.66,3.51,5.24,999,15158
Homer Bailey,Reds,7,10,0,5.44,24,24,139,157,84,23,105,59,1.55,6.77,3.83,5.24,516.6,8362
Sam Howard,Rockies,0,1,0,5.58,2,2,9,10,6,2,6,4,1.57,6.48,3.67,5.25,999,sa602898
Jalen Beeks,Red Sox,1,1,0,5.06,2,2,9,9,5,2,8,4,1.45,7.9,3.64,5.26,645.5,sa827439
Jackson Stephens,Reds,2,3,0,5.22,5,25,48,52,28,9,38,18,1.47,7.2,3.44,5.26,999,14420
Jason Motte,Cardinals,1,0,0,5.06,0,10,10,11,6,2,7,3,1.42,6.57,3.13,5.27,999,5861
Jose Urena,Marlins,7,13,0,5.04,29,29,169,182,95,27,112,68,1.48,5.97,3.6,5.27,420,11589
Brandon Finnegan,Reds,3,5,0,5.15,11,11,66,67,38,12,62,34,1.53,8.41,4.58,5.28,443.2,16208
Odrisamer Despaigne,Marlins,5,9,0,5.26,19,19,111,125,65,16,67,47,1.55,5.42,3.8,5.29,678.4,16017
Zach Eflin,Phillies,2,3,0,5.04,8,8,46,51,26,9,30,12,1.37,5.83,2.41,5.29,700.4,13774
Andrew Moore,Mariners,3,3,0,4.81,8,8,47,49,25,10,34,11,1.27,6.44,2.15,5.29,650.6,17553
Rob Whalen,Mariners,2,3,0,5,8,8,46,47,26,8,35,19,1.44,6.82,3.74,5.3,999,14165
Rookie Davis,Reds,2,3,0,5.35,6,16,48,53,29,9,38,18,1.47,7.13,3.41,5.3,999,14962
Adam Conley,Marlins,2,3,0,5.1,6,6,38,40,22,6,27,16,1.49,6.41,3.9,5.31,669.6,14457
Conner Greene,Cardinals,0,1,0,5.24,2,2,9,10,5,1,6,5,1.6,6.05,4.83,5.31,999,sa737829
Enyel De Los Santos,Phillies,0,1,0,5.11,2,2,9,9,5,2,7,3,1.43,7.21,3.45,5.31,999,sa877528
A.J. Cole,Nationals,3,4,0,5.43,11,11,65,72,39,12,51,26,1.51,7.13,3.64,5.32,542.5,11467
Luis Cessa,Yankees,3,3,0,5.06,10,10,55,59,31,11,44,19,1.42,7.15,3.14,5.33,999,13345
Heath Fillmyer,Royals,0,1,0,5.3,2,2,9,10,5,2,6,3,1.48,6.4,3.39,5.33,999,sa738396
Ian Kennedy,Royals,7,12,0,5.21,28,28,159,163,92,32,144,64,1.43,8.14,3.6,5.33,452.3,6986
Troy Scribner,Angels,1,1,0,4.83,2,12,19,18,10,4,18,9,1.42,8.37,4.25,5.34,999,15570
Jesse Chavez,Rangers,4,5,0,5.29,8,33,72,81,42,15,58,24,1.47,7.19,3.04,5.34,691,5448
Vance Worley,Reds,2,3,0,5.49,5,20,43,51,26,7,27,16,1.56,5.65,3.33,5.34,999,6435
Andrew Cashner,Orioles,8,10,0,5.03,26,26,147,158,82,23,94,64,1.51,5.75,3.89,5.35,513.3,8782
Brian Johnson,Red Sox,2,2,0,5.04,6,6,37,39,21,7,27,14,1.43,6.67,3.46,5.36,670.5,14272
Bartolo Colon,Rangers,2,2,0,5.49,6,6,37,45,23,7,21,9,1.47,5.13,2.18,5.37,999,375
Ariel Miranda,Mariners,3,4,0,4.69,10,10,55,51,29,12,48,21,1.32,7.87,3.51,5.39,564.6,17526
Clay Buchholz,Royals,0,1,0,5.13,2,2,9,10,5,2,6,3,1.45,5.67,3.39,5.4,999,3543
Miguel Gonzalez,White Sox,8,12,0,5.09,28,28,159,171,90,31,106,50,1.39,6.02,2.85,5.42,664.3,7024
Gabriel Ynoa,Orioles,1,1,0,5.29,3,3,18,21,11,3,11,5,1.44,5.56,2.67,5.43,649.6,12938
Parker Bridwell,Angels,4,5,0,5.09,13,13,75,81,42,15,53,24,1.4,6.37,2.92,5.43,483.1,11502
Matt Wisler,Braves,1,2,0,5.44,5,5,28,32,17,6,19,9,1.45,6.11,2.88,5.45,999,12804
Roenis Elias,Red Sox,4,4,0,5.35,5,45,68,72,40,12,57,33,1.55,7.57,4.37,5.47,999,12673
Tony Sipp,Astros,1,1,0,5.06,0,25,25,25,14,6,23,9,1.37,8.43,3.36,5.48,999,8280
Matt Moore,Rangers,8,10,0,5.33,26,26,149,163,88,30,115,59,1.49,6.92,3.54,5.49,466.3,1890
Hunter Wood,Rays,0,1,0,4.86,2,2,9,9,5,2,7,4,1.37,7.36,3.67,5.49,999,15091
Hisashi Iwakuma,Mariners,3,4,0,4.86,10,10,56,58,30,12,39,18,1.34,6.21,2.81,5.49,670.9,13048
Ricardo Pinto,Phillies,1,2,0,5.1,2,17,24,25,14,5,18,10,1.45,6.88,3.69,5.51,999,16318
Luke Farrell,Cubs,1,1,0,5.43,2,2,9,10,5,2,7,4,1.52,7.11,4.16,5.53,999,15101
Miguel Castro,Orioles,4,5,0,5.09,8,38,76,81,43,14,49,31,1.47,5.84,3.62,5.53,648.4,15684
Craig Breslow,Blue Jays,1,1,0,5.29,0,10,10,11,6,2,7,4,1.53,6.29,4.01,5.53,999,4363
Junior Guerra,Brewers,4,5,0,5.2,10,20,66,66,38,12,56,34,1.51,7.65,4.64,5.55,648.3,5702
Luke Sims,Braves,0,1,0,5.36,2,2,9,9,5,2,8,4,1.48,8.03,4.25,5.56,665.5,13470
Michael Kelly,Orioles,0,1,0,5.39,2,2,9,10,5,2,7,4,1.53,7.31,4.15,5.59,999,sa597767
Aaron Blair,Braves,0,1,0,5.62,2,2,9,10,6,2,7,4,1.56,6.77,4.19,5.6,658.6,14934
Zach Jemiola,Rockies,0,1,0,5.99,0,10,10,12,7,2,7,4,1.64,5.98,4.02,5.61,999,sa658131
Chris Tillman,Orioles,7,9,0,5.34,23,23,132,142,78,25,94,59,1.52,6.4,3.99,5.62,654.3,5279
Daniel Wright,Angels,0,1,0,5.42,2,2,9,10,5,2,6,3,1.46,5.84,2.97,5.62,696,15179
Edwin Jackson,Nationals,0,1,0,5.84,2,2,9,10,6,2,7,4,1.61,7.08,4.43,5.64,999,1841
Amir Garrett,Reds,3,5,0,5.48,11,11,66,71,40,13,54,31,1.54,7.35,4.24,5.67,530.7,14375
Adam Plutko,Indians,1,1,0,5.35,2,2,9,10,5,2,7,3,1.43,6.7,3.27,5.68,999,15846
Alec Asher,Orioles,1,1,0,5.34,3,3,18,20,11,4,12,6,1.42,6.2,2.81,5.68,999,13560
David Hess,Orioles,0,1,0,5.63,2,2,9,10,6,2,7,3,1.49,6.53,3.27,5.71,999,sa829314
Dylan Covey,White Sox,0,1,0,5.75,2,2,9,10,6,2,6,4,1.61,5.81,4.25,5.89,999,14825
James Shields,White Sox,7,12,0,5.63,28,28,159,167,99,36,137,76,1.53,7.76,4.29,5.98,612.2,7059
Hector Santiago,White Sox,2,3,0,5.32,8,8,46,46,27,10,37,22,1.46,7.18,4.22,5.99,675.6,4026
Robert Stephenson,Reds,2,3,0,5.83,6,6,37,38,24,8,33,21,1.59,8.05,5.01,6.05,455.6,13594
Tim Lincecum,Rangers,2,4,0,6.15,0,55,55,62,38,12,44,29,1.66,7.2,4.76,6.14,540.4,5705
Carson Fulmer,White Sox,5,10,0,5.84,21,21,122,131,79,25,93,67,1.62,6.84,4.92,6.15,518.8,18311