Name,Team,G,PA,AB,H,2B,3B,HR,R,RBI,BB,SO,SB,CS,AVG,OBP,SLG,OPS,wOBA,ADP,playerid
Mike Trout,Angels,151,647,522,164,31,4,41,116,103,110,126,20,6,0.314,0.439,0.626,1.065,0.438,1.1,10155
Giancarlo Stanton,Yankees,146,630,543,153,24,0,58,108,124,78,165,3,1,0.282,0.377,0.651,1.028,0.418,8.3,4949
Joey Votto,Reds,154,667,534,165,32,2,30,98,101,122,101,5,2,0.309,0.439,0.547,0.986,0.413,19,4314
Bryce Harper,Nationals,143,625,516,151,30,2,36,98,104,100,121,10,4,0.292,0.408,0.569,0.977,0.404,8.6,11579
Freddie Freeman,Braves,146,628,534,162,35,2,35,93,104,81,128,8,3,0.304,0.401,0.571,0.972,0.403,21.4,5361
Kris Bryant,Cubs,152,670,564,160,34,3,36,103,101,87,146,8,3,0.284,0.389,0.545,0.934,0.392,15.2,15429
Anthony Rizzo,Cubs,152,670,562,161,34,2,34,100,100,83,96,8,3,0.287,0.394,0.539,0.933,0.391,25.3,3473
J.D. Martinez,Red Sox,141,611,543,156,29,1,42,94,111,60,163,2,1,0.288,0.36,0.581,0.941,0.389,23.5,6184
Josh Donaldson,Blue Jays,146,623,525,142,27,2,37,96,89,87,128,4,1,0.271,0.379,0.539,0.918,0.386,30.6,5038
Nolan Arenado,Rockies,149,648,580,171,38,3,40,93,113,57,97,3,1,0.295,0.359,0.576,0.935,0.385,4.6,9777
Paul Goldschmidt,Diamondbacks,152,662,550,159,35,2,28,93,98,100,143,17,5,0.288,0.4,0.515,0.915,0.384,6.5,9218
Aaron Judge,Yankees,146,630,528,135,23,1,43,99,100,92,200,5,2,0.256,0.37,0.546,0.916,0.382,19.4,15640
Charlie Blackmon,Rockies,146,634,564,169,33,6,28,96,90,53,113,18,6,0.299,0.368,0.532,0.9,0.378,8.2,7859
Carlos Correa,Astros,151,651,574,170,36,2,30,97,93,68,124,9,3,0.297,0.374,0.52,0.894,0.376,14.7,14162
George Springer,Astros,146,630,545,152,27,2,31,97,87,71,131,10,4,0.28,0.371,0.509,0.881,0.374,31.2,12856
Justin Turner,Dodgers,105,461,403,120,26,1,18,63,64,44,64,3,1,0.298,0.377,0.504,0.881,0.373,84.2,5235
Jose Altuve,Astros,151,651,586,188,35,3,22,98,84,51,73,25,9,0.321,0.38,0.502,0.882,0.373,2.2,5417
Edwin Encarnacion,Indians,151,653,550,142,26,1,38,94,104,92,126,2,1,0.258,0.366,0.518,0.884,0.372,56.9,2151
Michael Conforto,Mets,130,557,480,129,28,2,30,79,81,66,130,3,1,0.268,0.364,0.52,0.884,0.371,199.8,16376
Mookie Betts,Red Sox,149,646,574,172,38,3,25,97,88,63,71,20,5,0.3,0.369,0.508,0.877,0.37,7.9,13611
Miguel Cabrera,Tigers,146,615,535,156,30,1,26,80,87,72,114,1,0,0.292,0.377,0.501,0.878,0.369,96.1,1744
Matt Carpenter,Cardinals,146,640,528,140,35,4,24,88,83,97,129,2,1,0.266,0.384,0.479,0.863,0.369,186.9,8090
Rhys Hoskins,Phillies,146,629,545,141,28,1,39,86,102,70,148,3,1,0.259,0.349,0.531,0.88,0.368,49.2,16472
Jose Abreu,White Sox,141,592,535,159,30,2,28,75,86,40,108,2,1,0.298,0.358,0.518,0.876,0.367,40.6,15676
Nelson Cruz,Mariners,147,627,554,150,26,1,38,86,99,60,146,2,1,0.271,0.348,0.53,0.879,0.367,57.4,2434
Miguel Sano,Twins,138,594,510,128,27,2,37,86,98,74,201,1,0,0.251,0.35,0.531,0.881,0.367,115,12164
Marcell Ozuna,Cardinals,143,625,561,161,30,3,31,87,96,56,123,2,1,0.287,0.354,0.517,0.87,0.366,47.3,10324
Christian Yelich,Brewers,146,634,554,164,34,3,20,87,79,71,125,12,4,0.297,0.379,0.477,0.856,0.365,48.9,11477
Andrew McCutchen,Giants,143,622,534,150,29,4,25,86,86,75,124,8,3,0.281,0.375,0.487,0.862,0.365,90,9847
Anthony Rendon,Nationals,143,625,539,151,34,2,24,85,86,73,99,7,3,0.28,0.37,0.487,0.857,0.364,56.1,12861
Corey Seager,Dodgers,146,638,568,165,38,2,25,86,89,61,129,4,2,0.29,0.362,0.498,0.86,0.363,41.5,13624
Daniel Murphy,Nationals,138,604,547,167,39,2,23,78,92,47,73,4,1,0.305,0.361,0.51,0.871,0.363,77.2,4316
Cody Bellinger,Dodgers,146,638,558,145,31,3,38,91,102,71,169,10,3,0.259,0.344,0.528,0.871,0.361,25.6,15998
Manny Machado,Orioles,149,628,567,158,30,1,34,88,84,54,104,7,3,0.28,0.342,0.52,0.863,0.361,17.6,11493
Khris Davis,Athletics,146,618,544,137,25,1,40,87,96,62,173,3,1,0.252,0.334,0.525,0.86,0.36,68,9112
Brian Dozier,Twins,149,643,561,146,30,3,35,93,92,69,130,13,5,0.26,0.346,0.509,0.855,0.359,36.9,9810
Gary Sanchez,Yankees,130,515,464,124,23,0,32,73,78,41,117,3,1,0.267,0.333,0.522,0.856,0.358,19.3,11442
Domingo Santana,Brewers,128,557,482,127,26,1,26,77,76,66,167,9,3,0.264,0.358,0.484,0.842,0.358,95.4,10348
Andrew Benintendi,Red Sox,143,618,543,156,37,4,20,87,78,64,96,14,5,0.287,0.364,0.478,0.843,0.357,41.3,17901
Ryan Braun,Brewers,178,574,513,146,28,3,25,79,79,52,107,16,5,0.284,0.353,0.494,0.847,0.356,117.3,3410
Brandon Belt,Giants,138,601,507,133,32,4,21,80,76,83,142,5,2,0.262,0.369,0.463,0.832,0.356,302.2,10264
Kyle Schwarber,Cubs,138,463,395,95,17,1,28,66,72,59,137,2,1,0.24,0.345,0.499,0.845,0.356,169.3,16478
Jose Ramirez,Indians,149,646,582,172,39,4,22,90,86,53,68,16,6,0.296,0.355,0.489,0.844,0.356,19.9,13510
Yoenis Cespedes,Mets,139,599,538,147,27,3,33,81,89,49,120,3,1,0.272,0.338,0.517,0.854,0.356,95.2,13110
Buster Posey,Giants,146,587,514,155,30,1,16,72,79,61,68,3,1,0.302,0.378,0.458,0.837,0.356,58.7,9166
Eric Thames,Brewers,130,483,417,104,22,2,25,66,71,57,137,7,2,0.25,0.348,0.493,0.841,0.354,205.9,3711
Dexter Fowler,Cardinals,144,632,535,143,28,6,20,88,73,86,134,10,4,0.267,0.372,0.452,0.824,0.354,246.5,4062
Tommy Pham,Cardinals,144,624,540,146,26,4,23,92,73,73,152,19,6,0.271,0.363,0.46,0.823,0.354,57.5,2967
Yasiel Puig,Dodgers,134,588,518,141,26,3,26,82,80,58,107,10,4,0.272,0.352,0.486,0.838,0.354,110.8,14225
Francisco Lindor,Indians,151,653,582,169,33,3,24,90,85,57,89,13,5,0.291,0.354,0.481,0.835,0.353,20.8,12916
Logan Morrison,Twins,143,615,532,134,23,2,33,83,89,72,129,4,2,0.253,0.346,0.49,0.836,0.352,283.6,9205
Michael Brantley,Indians,125,541,482,144,31,1,14,71,68,50,63,9,3,0.3,0.367,0.46,0.827,0.352,242.4,4106
Eric Hosmer,Padres,146,623,555,160,27,2,23,77,83,62,101,5,2,0.288,0.36,0.467,0.827,0.352,79.1,3516
Willson Contreras,Cubs,146,552,488,134,26,2,23,76,72,52,117,6,3,0.274,0.35,0.474,0.824,0.351,51.1,11609
Justin Smoak,Blue Jays,146,623,543,138,26,1,33,83,86,71,141,1,0,0.255,0.343,0.487,0.83,0.351,154.3,9054
Carlos Santana,Phillies,141,588,492,121,24,2,25,75,74,88,94,4,2,0.246,0.362,0.455,0.818,0.351,171.4,2396
Gregory Bird,Yankees,136,588,508,126,30,1,30,79,82,69,148,1,0,0.247,0.342,0.489,0.831,0.35,149.4,14131
Adrian Beltre,Rangers,141,605,552,162,31,2,23,75,82,43,80,1,0,0.294,0.348,0.479,0.828,0.35,158.1,639
Robinson Cano,Mariners,147,627,567,163,33,1,25,77,87,50,91,1,0,0.288,0.348,0.484,0.832,0.35,86.1,3269
Shin-Soo Choo,Rangers,146,626,531,141,26,2,20,83,68,76,136,9,5,0.265,0.37,0.433,0.803,0.35,260.9,3174
Ryan Zimmerman,Nationals,126,542,490,133,26,1,27,72,83,44,121,2,1,0.272,0.334,0.493,0.826,0.349,141.5,4220
Adam Eaton,Nationals,138,604,525,151,28,5,12,83,61,61,96,14,5,0.288,0.372,0.43,0.802,0.348,153.1,11205
Wil Myers,Padres,138,589,517,135,27,2,27,79,80,63,148,17,5,0.261,0.343,0.478,0.821,0.348,65.9,10047
Lucas Duda,Royals,130,546,469,113,24,1,30,69,80,64,141,0,0,0.24,0.341,0.484,0.825,0.348,408.3,2502
Justin Upton,Angels,146,626,549,139,26,1,33,88,86,67,175,12,4,0.253,0.337,0.486,0.823,0.348,49.1,5222
Nick Castellanos,Tigers,146,615,559,155,34,4,26,78,85,46,134,4,2,0.277,0.334,0.491,0.825,0.347,97.5,11737
Justin Bour,Marlins,138,584,515,134,23,1,32,70,89,61,121,1,0,0.26,0.34,0.491,0.831,0.347,199.8,9744
Hanley Ramirez,Red Sox,79,344,307,83,16,1,16,47,49,31,69,3,1,0.27,0.343,0.479,0.822,0.347,321.8,8001
DJ LeMahieu,Rockies,149,648,579,179,29,5,9,85,65,58,92,11,5,0.309,0.374,0.425,0.799,0.346,134.6,9874
Joey Gallo,Rangers,147,633,540,116,22,2,43,90,106,83,249,6,2,0.214,0.324,0.502,0.826,0.346,108.5,14128
Yonder Alonso,Indians,130,562,493,134,26,1,21,71,76,61,98,2,1,0.272,0.353,0.457,0.81,0.346,284.6,2530
Jake Lamb,Diamondbacks,147,641,554,141,33,5,25,80,90,78,156,7,2,0.254,0.348,0.467,0.816,0.344,130.4,13329
Neil Walker,Yankees,104,448,395,104,19,1,20,58,58,44,84,1,1,0.264,0.343,0.469,0.812,0.344,413.4,7539
Josh Bell,Pirates,138,595,523,143,29,3,20,73,77,64,103,4,2,0.274,0.355,0.456,0.811,0.344,186.2,13145
Kyle Seager,Mariners,147,627,552,145,30,2,27,77,85,63,104,3,1,0.263,0.342,0.472,0.814,0.344,139.9,9785
Alex Bregman,Astros,146,630,562,153,34,4,22,86,78,56,98,11,5,0.272,0.342,0.465,0.808,0.343,32.1,17678
Mike Moustakas,Royals,138,580,526,137,26,1,32,71,86,43,89,1,1,0.26,0.32,0.498,0.819,0.342,133,4892
Joc Pederson,Dodgers,89,390,330,78,16,1,18,52,51,52,98,5,2,0.236,0.347,0.452,0.799,0.342,389.2,11899
Eugenio Suarez,Reds,144,625,546,140,28,2,26,80,83,65,146,6,3,0.257,0.342,0.457,0.799,0.342,190.1,12552
Carlos Gonzalez,Rockies,122,528,473,127,27,2,21,67,71,49,115,2,1,0.269,0.339,0.468,0.807,0.342,293,7287
Starling Marte,Pirates,144,623,564,163,30,6,15,89,65,37,121,36,11,0.289,0.352,0.443,0.795,0.342,49.3,9241
Matt Adams,Nationals,89,249,226,60,13,1,12,31,39,19,58,0,0,0.265,0.325,0.491,0.816,0.342,476,9393
A.J. Pollock,Diamondbacks,143,620,557,155,36,5,18,83,76,53,92,22,7,0.278,0.344,0.456,0.799,0.341,65.7,9256
Trea Turner,Nationals,143,625,572,166,32,6,17,94,69,44,129,40,9,0.289,0.343,0.457,0.8,0.341,4.6,16252
Lorenzo Cain,Brewers,139,606,547,158,30,4,16,78,70,49,103,17,5,0.289,0.351,0.445,0.796,0.341,84.9,9077
Chris Iannetta,Rockies,81,322,276,68,14,1,13,41,42,40,81,0,0,0.245,0.345,0.447,0.792,0.341,267.5,8267
Jay Bruce,Mets,131,564,501,123,27,2,31,73,82,55,127,3,1,0.247,0.322,0.491,0.813,0.34,161.3,9892
Ian Happ,Cubs,130,570,505,127,26,3,28,79,79,57,166,10,3,0.252,0.33,0.479,0.809,0.34,128.5,17919
Corey Dickerson,Pirates,130,560,513,139,31,4,24,69,83,40,123,3,2,0.272,0.326,0.486,0.812,0.34,223.1,10762
Chris Davis,Orioles,136,574,489,110,19,0,33,76,78,73,199,2,1,0.224,0.332,0.47,0.802,0.34,248.4,9272
Curtis Granderson,Blue Jays,94,402,345,82,18,2,19,54,51,49,96,3,1,0.237,0.337,0.462,0.799,0.34,458.5,4747
Travis Shaw,Brewers,143,620,551,140,30,2,30,76,92,59,141,3,1,0.255,0.329,0.478,0.808,0.34,91,11982
Steven Souza Jr.,Diamondbacks,138,599,518,128,26,2,25,78,80,68,170,12,4,0.247,0.341,0.451,0.792,0.339,182.4,5667
Matt Kemp,Dodgers,49,132,121,33,7,0,6,16,19,9,29,1,0,0.275,0.326,0.482,0.809,0.339,310.1,5631
David Dahl,Rockies,29,107,97,27,6,1,4,14,13,8,27,2,1,0.274,0.329,0.469,0.798,0.337,240.4,13744
Avisail Garcia,White Sox,134,565,514,146,23,3,19,67,67,40,120,5,3,0.284,0.342,0.449,0.791,0.337,198.7,5760
Dustin Pedroia,Red Sox,130,562,500,145,29,1,11,71,62,55,65,3,2,0.29,0.36,0.418,0.778,0.337,407.9,8370
Rafael Devers,Red Sox,133,576,528,146,34,2,21,76,77,41,128,6,2,0.276,0.33,0.469,0.799,0.337,117.4,17350
Evan Gattis,Astros,138,580,528,135,25,2,31,76,87,41,115,1,1,0.256,0.314,0.489,0.804,0.337,140.3,11003
Victor Robles,Nationals,23,91,82,23,5,1,2,12,10,5,18,3,1,0.281,0.343,0.439,0.782,0.336,300.6,18363
David Wright,Mets,8,15,13,3,1,0,0,2,2,2,4,0,0,0.257,0.346,0.431,0.777,0.335,999,3787
Nomar Mazara,Rangers,146,626,559,150,29,2,23,75,79,56,126,3,1,0.268,0.338,0.449,0.787,0.335,152.7,14553
Trevor Story,Rockies,149,648,581,142,36,4,31,87,92,57,213,11,3,0.244,0.316,0.482,0.798,0.335,115.5,12564
Ben Zobrist,Cubs,146,580,499,130,30,3,15,73,64,71,81,3,2,0.26,0.353,0.423,0.776,0.335,463.2,7435
Joe Mauer,Twins,141,608,529,151,29,3,8,72,60,72,94,2,1,0.285,0.371,0.398,0.769,0.335,395.7,1857
Vladimir Guerrero Jr.,Blue Jays,3,14,12,3,1,0,0,2,1,1,2,0,0,0.276,0.351,0.43,0.781,0.335,547.5,sa920245
Jason Kipnis,Indians,133,576,510,136,31,3,18,76,68,53,115,10,4,0.267,0.339,0.441,0.781,0.334,242.6,9776
Adam Jones,Orioles,146,615,568,154,27,1,28,76,77,34,113,1,1,0.271,0.319,0.471,0.789,0.334,147.6,6368
Yasmani Grandal,Dodgers,73,292,253,60,12,0,14,37,40,35,75,1,0,0.237,0.331,0.451,0.781,0.334,223.7,11368
Jedd Gyorko,Cardinals,147,606,541,137,24,1,29,76,88,55,130,3,1,0.253,0.325,0.462,0.786,0.334,349.3,10816
Alex Avila,Diamondbacks,87,333,276,64,14,1,10,40,38,53,104,1,0,0.231,0.357,0.401,0.759,0.333,328.4,7476
Jackie Bradley Jr.,Red Sox,146,632,556,140,32,3,23,84,79,62,145,7,3,0.253,0.336,0.444,0.78,0.333,284.8,12984
Zack Cozart,Angels,138,591,527,137,25,2,23,75,72,53,92,4,1,0.259,0.331,0.448,0.778,0.332,222.6,2616
Todd Frazier,Mets,133,571,494,115,22,1,28,76,72,63,131,8,3,0.232,0.327,0.451,0.778,0.332,284.6,785
Scooter Gennett,Reds,130,562,517,140,27,2,23,68,78,37,117,5,2,0.271,0.322,0.463,0.785,0.332,206.1,10339
Yasmany Tomas,Diamondbacks,24,65,60,16,3,0,3,8,10,5,16,0,0,0.265,0.32,0.466,0.786,0.332,361.3,17171
Odubel Herrera,Phillies,146,629,569,160,30,4,17,78,69,49,132,15,5,0.28,0.342,0.434,0.775,0.332,212.3,11476
Wilmer Flores,Mets,110,374,345,93,18,1,17,45,51,22,55,1,0,0.269,0.314,0.474,0.788,0.331,356.3,5827
Robbie Grossman,Twins,68,293,250,64,13,1,7,36,29,39,60,2,1,0.255,0.358,0.397,0.755,0.331,654.2,5254
Jonathan Schoop,Orioles,149,628,583,153,29,1,31,78,80,32,137,2,1,0.263,0.31,0.473,0.783,0.331,64.5,11265
Russell Martin,Blue Jays,113,443,378,90,16,1,17,58,49,53,108,3,2,0.237,0.342,0.418,0.76,0.331,313.6,4616
Howie Kendrick,Nationals,60,182,165,47,9,1,4,23,20,14,35,3,1,0.287,0.346,0.42,0.766,0.331,506.1,4229
Aaron Hicks,Yankees,130,560,489,122,23,2,20,75,61,63,107,11,5,0.25,0.337,0.43,0.767,0.33,228.8,5297
Chris Taylor,Dodgers,146,638,572,155,34,4,16,84,68,56,148,16,5,0.27,0.338,0.428,0.766,0.33,93.6,13757
Kendrys Morales,Blue Jays,130,554,499,128,25,1,25,68,72,45,115,1,0,0.256,0.322,0.456,0.778,0.33,305.4,8610
Xander Bogaerts,Red Sox,146,632,570,159,31,2,16,80,72,52,112,8,3,0.28,0.343,0.423,0.767,0.33,81.4,12161
Salvador Perez,Royals,133,512,476,126,25,1,25,60,73,25,95,1,0,0.264,0.306,0.482,0.788,0.33,97.2,7304
Robinson Chirinos,Rangers,122,477,416,97,18,1,23,60,63,46,125,2,1,0.233,0.321,0.45,0.771,0.33,252.7,3142
Rougned Odor,Rangers,149,640,591,152,29,4,31,85,88,34,140,16,6,0.258,0.307,0.48,0.787,0.33,104.2,12282
Andrew Toles,Dodgers,49,213,195,55,12,1,5,28,24,13,40,7,2,0.283,0.332,0.438,0.771,0.329,506.3,13414
Aaron Altherr,Phillies,151,490,438,110,25,3,19,62,60,42,128,10,3,0.252,0.324,0.452,0.775,0.329,279.1,11270
Jose Martinez,Cardinals,104,374,336,92,17,1,11,45,45,32,70,4,2,0.274,0.339,0.429,0.768,0.329,258.4,7996
Troy Tulowitzki,Blue Jays,123,526,473,122,23,1,22,64,66,44,103,1,0,0.259,0.326,0.448,0.773,0.329,395,3531
Mitch Haniger,Mariners,139,592,527,133,28,2,22,73,71,52,134,7,3,0.252,0.327,0.441,0.768,0.329,216.1,14274
David Peralta,Diamondbacks,122,528,479,132,27,6,11,63,61,41,91,7,2,0.277,0.339,0.426,0.764,0.329,266,2136
Steve Pearce,Blue Jays,92,395,351,88,19,1,16,49,48,35,78,1,1,0.25,0.326,0.443,0.769,0.328,600.5,9957
Scott Schebler,Reds,118,512,459,111,22,3,24,64,73,38,122,6,2,0.243,0.316,0.464,0.78,0.328,289.8,12225
Eloy Jimenez,White Sox,24,102,94,25,5,0,4,12,13,7,25,1,0,0.266,0.318,0.463,0.782,0.328,404.3,sa830373
Josh Reddick,Astros,130,560,500,136,26,3,16,71,65,49,78,6,2,0.271,0.335,0.433,0.768,0.328,277.8,3892
Brett Gardner,Yankees,130,560,485,126,23,4,13,75,50,60,102,14,5,0.26,0.347,0.405,0.753,0.328,178.3,9927
Tyler Flowers,Braves,97,383,339,86,17,1,14,44,48,31,101,0,0,0.253,0.333,0.427,0.76,0.328,298,9134
Ozzie Albies,Braves,138,594,538,150,32,5,13,74,64,45,110,18,5,0.279,0.337,0.43,0.767,0.328,122.9,16556
Welington Castillo,White Sox,97,373,338,85,15,0,17,42,50,28,99,1,0,0.253,0.318,0.453,0.771,0.328,168.9,3256
Max Kepler,Twins,130,559,498,127,29,3,19,70,67,52,106,7,2,0.255,0.328,0.441,0.77,0.328,289.5,12144
Mitch Moreland,Red Sox,81,351,312,79,18,0,14,43,47,32,76,1,0,0.252,0.326,0.444,0.771,0.327,409,3086
Evan Longoria,Giants,146,636,574,153,33,3,21,74,86,50,113,3,1,0.266,0.328,0.444,0.772,0.327,203.3,9368
Marwin Gonzalez,Astros,128,553,501,133,26,1,20,72,68,40,112,8,4,0.265,0.324,0.446,0.77,0.327,119.1,5497
Ian Kinsler,Angels,138,591,535,139,29,2,21,75,69,46,92,9,4,0.261,0.324,0.44,0.764,0.327,184.3,6195
Ian Desmond,Rockies,133,537,489,132,25,2,17,71,62,38,133,16,5,0.27,0.327,0.437,0.764,0.327,113.7,6885
Cesar Hernandez,Phillies,146,629,557,156,24,6,8,79,53,63,116,17,8,0.281,0.356,0.391,0.747,0.327,259.1,10556
Jesse Winker,Reds,123,413,361,95,20,1,10,47,47,45,73,2,1,0.263,0.349,0.407,0.756,0.327,320.7,13590
Trey Mancini,Orioles,139,587,540,144,27,2,22,72,67,38,147,2,1,0.266,0.32,0.449,0.768,0.327,152,15149
Mike Napoli,Indians,24,105,91,20,4,0,6,14,15,12,33,1,0,0.219,0.318,0.447,0.765,0.326,569.5,3057
Kole Calhoun,Angels,147,633,558,143,27,3,20,77,70,63,125,3,1,0.256,0.336,0.421,0.757,0.326,282.8,11200
Elvis Andrus,Rangers,149,640,583,165,31,3,14,82,66,45,88,21,8,0.284,0.337,0.421,0.758,0.326,59.8,8709
Asdrubal Cabrera,Mets,130,557,499,130,29,1,19,66,65,47,98,4,2,0.26,0.328,0.434,0.763,0.326,312,4962
Logan Forsythe,Dodgers,105,461,398,99,20,2,13,57,50,52,104,5,2,0.249,0.344,0.404,0.748,0.326,421.9,7185
Eduardo Nunez,Red Sox,91,394,367,106,19,2,11,55,44,19,52,18,6,0.288,0.326,0.438,0.764,0.326,134.4,6848
Eddie Rosario,Twins,143,615,570,152,31,4,24,79,80,35,125,10,5,0.267,0.31,0.466,0.776,0.326,123.2,12155
Addison Russell,Cubs,122,534,479,122,27,2,20,66,68,45,123,5,1,0.254,0.324,0.444,0.768,0.325,264.4,14106
Ryan McMahon,Rockies,104,451,407,107,28,3,12,55,53,37,121,6,3,0.263,0.328,0.436,0.764,0.325,304.2,15112
Matt Joyce,Athletics,105,446,380,88,18,1,16,53,49,58,98,2,1,0.23,0.336,0.414,0.75,0.325,483.4,3353
David Freese,Pirates,97,340,297,78,14,1,8,39,37,34,83,1,0,0.261,0.349,0.393,0.742,0.324,633,9549
Maikel Franco,Phillies,133,573,525,136,27,1,25,65,79,39,89,1,0,0.258,0.312,0.458,0.77,0.324,238,12179
Byron Buxton,Twins,146,629,567,143,28,7,24,88,70,49,186,22,6,0.252,0.315,0.451,0.766,0.324,50.2,14161
Jesus Aguilar,Brewers,5,21,19,5,1,0,1,2,3,2,6,0,0,0.243,0.314,0.453,0.767,0.324,527.3,11342
Kevin Kiermaier,Rays,146,615,552,141,26,6,20,79,67,51,131,19,7,0.255,0.324,0.434,0.758,0.324,157.2,11038
Tommy Joseph,Rangers,13,56,51,13,3,0,3,7,8,4,12,0,0,0.254,0.308,0.458,0.766,0.324,565.9,10349
Mark Trumbo,Orioles,125,526,479,117,19,1,27,65,66,42,132,1,1,0.245,0.306,0.459,0.765,0.324,261.6,6876
Luis Urias,Padres,87,374,330,95,17,2,4,42,34,32,45,6,3,0.287,0.357,0.388,0.745,0.324,594.1,sa828496
Paul DeJong,Cardinals,146,640,589,150,32,2,29,78,92,39,179,4,1,0.254,0.306,0.462,0.767,0.324,151.5,18015
Alex Dickerson,Padres,10,42,38,10,2,0,1,5,5,3,8,0,0,0.262,0.325,0.439,0.765,0.324,629.2,12649
Luis Valbuena,Angels,112,480,416,94,19,1,22,59,61,56,119,1,1,0.225,0.32,0.437,0.757,0.324,517.1,4969
Willie Calhoun,Rangers,107,459,419,109,21,2,19,54,60,33,68,2,1,0.259,0.316,0.45,0.766,0.324,255.9,17838
Jonathan Lucroy,Athletics,118,460,411,111,21,3,10,53,47,41,65,2,1,0.271,0.34,0.412,0.752,0.323,200.6,7870
Yadier Molina,Cardinals,141,558,512,145,29,2,13,65,67,36,72,6,2,0.284,0.332,0.424,0.756,0.323,149.4,7007
Josh Harrison,Pirates,130,560,513,142,30,4,12,68,62,30,90,13,6,0.277,0.328,0.426,0.753,0.323,268.6,8202
Marcus Semien,Athletics,138,584,521,130,26,3,21,73,64,55,127,10,4,0.25,0.322,0.431,0.754,0.323,225.6,12533
Chris Carter,Angels,8,35,30,6,1,0,2,4,5,4,12,0,0,0.213,0.31,0.447,0.757,0.323,999,9911
Ronald Acuna,Braves,130,559,513,136,27,3,19,73,65,36,146,21,7,0.266,0.317,0.441,0.758,0.323,110.5,sa877503
Mark Zagunis,Cubs,5,21,18,4,1,0,1,3,2,3,5,0,0,0.242,0.342,0.395,0.737,0.323,999,16565
Adam Frazier,Pirates,96,293,262,75,14,2,3,35,27,24,37,7,3,0.285,0.35,0.389,0.739,0.322,413.2,15223
Yangervis Solarte,Blue Jays,60,256,232,61,12,0,9,30,30,20,33,1,0,0.261,0.322,0.434,0.757,0.322,280.9,5352
Derek Dietrich,Marlins,125,509,445,109,22,4,15,57,56,40,112,2,1,0.244,0.333,0.414,0.747,0.322,480.7,10542
Austin Barnes,Dodgers,97,354,310,80,17,1,8,43,37,37,60,5,2,0.257,0.342,0.398,0.739,0.322,197.3,12158
Yoan Moncada,White Sox,138,578,502,120,24,3,19,72,57,66,189,19,5,0.24,0.335,0.412,0.746,0.322,132.4,17232
Didi Gregorius,Yankees,143,616,568,152,27,2,23,74,75,33,82,4,2,0.268,0.313,0.445,0.758,0.321,117.4,6012
Yandy Diaz,Indians,37,161,141,38,6,1,2,19,14,19,31,1,1,0.272,0.359,0.368,0.727,0.321,521.7,16578
Gregory Polanco,Pirates,134,581,522,136,30,3,18,70,70,51,99,15,5,0.26,0.327,0.429,0.756,0.321,149.6,12907
Stephen Piscotty,Athletics,134,570,504,127,27,2,17,67,60,55,118,5,3,0.252,0.331,0.413,0.744,0.321,288.1,13367
Yulieski Gurriel,Astros,125,539,500,138,33,1,16,64,68,30,66,4,2,0.276,0.32,0.442,0.762,0.321,237.6,19198
Jordan Luplow,Pirates,11,49,43,11,2,0,2,6,6,5,11,0,0,0.249,0.329,0.426,0.755,0.321,674,16424
Randal Grichuk,Blue Jays,138,589,543,128,30,3,32,77,82,37,178,6,3,0.237,0.291,0.478,0.769,0.321,288.9,10243
Brian McCann,Astros,113,448,393,93,14,1,20,54,59,44,79,1,0,0.236,0.32,0.431,0.751,0.321,217.7,4810
Francisco Mejia,Indians,13,51,47,13,3,0,2,6,6,3,10,0,0,0.269,0.321,0.435,0.756,0.321,349.1,16403
Austin Hays,Orioles,23,96,89,24,5,0,4,12,11,5,21,1,0,0.266,0.307,0.449,0.756,0.321,344.2,19363
Nick Senzel,Reds,19,84,76,20,5,0,2,10,10,7,20,2,1,0.259,0.323,0.428,0.751,0.32,351.4,sa873264
Matt Olson,Athletics,146,618,537,116,26,1,31,74,80,72,184,1,1,0.216,0.312,0.44,0.752,0.32,123,14344
Ender Inciarte,Braves,146,628,572,165,27,4,9,76,61,46,77,19,7,0.288,0.343,0.395,0.738,0.32,121.4,4922
Tommy La Stella,Cubs,60,142,125,33,7,1,3,16,15,14,21,1,0,0.265,0.343,0.393,0.735,0.32,685.9,12371
Jorge Polanco,Twins,65,279,253,68,15,2,7,34,30,21,44,5,2,0.27,0.325,0.423,0.748,0.32,213.6,13152
Raimel Tapia,Rockies,37,122,113,33,7,1,2,15,12,6,21,4,1,0.29,0.331,0.419,0.75,0.32,388.5,14350
Brad Miller,Rays,120,505,442,104,20,3,18,60,59,56,126,6,3,0.236,0.324,0.42,0.744,0.32,454.2,12775
Gerardo Parra,Rockies,113,393,363,102,22,2,8,47,45,23,65,5,2,0.28,0.325,0.422,0.747,0.319,357.6,8553
Javier Baez,Cubs,147,608,558,142,28,3,27,78,82,36,166,13,4,0.255,0.307,0.459,0.766,0.319,102.7,12979
Tyler Naquin,Indians,15,63,57,15,3,0,2,8,7,5,17,1,0,0.26,0.327,0.418,0.744,0.319,687.5,13359
Devon Travis,Blue Jays,97,415,384,105,23,1,11,50,46,24,80,4,2,0.273,0.319,0.428,0.747,0.319,384.5,13862
Brandon Guyer,Indians,49,211,184,47,10,1,4,25,21,15,41,3,1,0.254,0.339,0.387,0.726,0.319,709.3,2636
Adam Duvall,Reds,120,519,473,111,24,2,27,63,78,35,136,5,2,0.234,0.294,0.465,0.759,0.319,176.6,10950
Brandon Nimmo,Mets,92,277,240,59,13,1,6,33,25,33,71,2,1,0.246,0.343,0.385,0.728,0.319,495.6,12927
Mike Zunino,Mariners,122,472,416,90,18,1,25,58,65,41,157,1,1,0.217,0.302,0.446,0.747,0.319,158.7,13265
Austin Jackson,Giants,96,417,372,100,20,4,6,50,40,38,92,6,3,0.268,0.337,0.394,0.731,0.318,552.9,9848
Dominic Smith,Mets,49,209,189,50,11,0,6,24,24,17,44,0,0,0.261,0.324,0.421,0.744,0.318,439.6,15653
Jean Segura,Mariners,143,606,559,157,23,4,13,77,60,35,90,21,9,0.282,0.33,0.408,0.738,0.318,75.1,5933
Jed Lowrie,Athletics,138,584,517,135,33,2,12,63,59,58,95,1,0,0.261,0.336,0.4,0.735,0.318,420.4,4418
Wilson Ramos,Rays,122,468,431,113,16,0,20,50,64,30,83,0,0,0.263,0.311,0.437,0.749,0.318,156.9,1433
Stephen Vogt,Brewers,57,225,204,51,10,1,8,25,30,18,40,0,0,0.251,0.314,0.435,0.748,0.318,360.3,5000
Ryan Schimpf,Braves,32,100,86,17,4,0,6,12,16,11,35,0,0,0.199,0.3,0.45,0.75,0.317,667,9953
Denard Span,Rays,113,478,431,115,23,3,10,55,47,39,65,9,3,0.267,0.331,0.402,0.733,0.317,452.6,8347
Manuel Margot,Padres,130,554,508,138,26,6,12,68,56,37,94,18,6,0.271,0.323,0.417,0.74,0.317,140.8,14712
Kolten Wong,Cardinals,136,597,530,140,27,4,12,71,63,51,89,11,4,0.264,0.339,0.398,0.737,0.317,364.7,12532
Luke Voit,Cardinals,58,138,124,31,6,1,4,16,16,11,31,0,0,0.253,0.324,0.414,0.738,0.317,669.2,14811
Hunter Renfroe,Padres,94,263,243,60,13,1,13,30,39,15,70,2,1,0.245,0.294,0.462,0.756,0.317,312.5,15464
Lonnie Chisenhall,Indians,97,421,380,97,22,2,13,50,51,32,84,4,2,0.256,0.317,0.426,0.742,0.316,390.5,7571
Francisco Cervelli,Pirates,97,384,333,86,15,2,5,43,34,42,79,3,1,0.259,0.35,0.362,0.712,0.316,429.4,5275
Colby Rasmus,Orioles,105,444,395,88,17,1,23,54,56,43,140,2,1,0.222,0.3,0.446,0.747,0.316,550.8,9893
Clint Frazier,Yankees,21,91,82,20,4,0,3,12,10,8,26,1,1,0.242,0.312,0.43,0.742,0.316,509.8,15983
Miguel Montero,Nationals,44,176,152,37,6,0,6,20,21,20,39,1,0,0.24,0.334,0.397,0.731,0.316,680.7,3364
Eduardo Escobar,Twins,99,426,389,100,21,3,14,50,52,30,83,3,2,0.257,0.311,0.433,0.744,0.316,444.5,6153
Jorge Soler,Royals,138,580,507,116,24,1,22,67,67,65,168,2,1,0.229,0.321,0.412,0.733,0.316,390,14221
Jason Heyward,Cubs,130,570,505,130,25,2,12,69,57,55,83,8,3,0.257,0.335,0.39,0.724,0.316,410,4940
Danny Valencia,Orioles,57,239,217,55,10,1,8,28,25,19,56,1,1,0.253,0.315,0.42,0.735,0.315,618.4,6364
Kurt Suzuki,Braves,73,253,230,59,12,0,9,27,32,16,36,1,0,0.258,0.315,0.425,0.739,0.315,360.3,8259
Victor Caratini,Cubs,6,26,24,6,1,0,1,3,3,2,5,0,0,0.264,0.332,0.402,0.733,0.315,546.2,14968
Victor Martinez,Tigers,138,581,527,139,29,1,17,61,71,44,82,1,0,0.263,0.322,0.421,0.743,0.315,520.3,393
Nick Williams,Phillies,154,504,465,118,25,3,18,59,62,29,152,6,3,0.254,0.304,0.438,0.742,0.315,301.2,14330
Jose Pirela,Padres,146,544,497,129,26,4,15,63,61,38,98,8,3,0.26,0.316,0.418,0.735,0.315,378.2,5485
Carlos Gomez,Rays,134,567,504,119,24,3,21,70,62,44,169,19,6,0.236,0.313,0.418,0.731,0.315,322.6,4881
Albert Almora Jr.,Cubs,89,392,364,100,22,2,9,46,45,21,61,4,1,0.276,0.316,0.423,0.739,0.314,380,14109
Tim Beckham,Orioles,149,628,575,143,26,4,23,80,65,43,185,8,4,0.249,0.307,0.428,0.735,0.314,261.4,7949
J.T. Realmuto,Marlins,130,502,462,123,24,3,14,56,57,31,94,8,2,0.265,0.316,0.42,0.736,0.314,101.3,11739
Joe Panik,Giants,138,601,536,144,28,4,10,66,64,52,61,4,2,0.268,0.335,0.39,0.726,0.314,385.2,11936
Mike Ford,Mariners,3,14,12,3,1,0,0,2,1,2,3,0,0,0.235,0.333,0.39,0.724,0.314,668.8,sa708447
Jonathan Villar,Brewers,123,515,461,116,22,3,14,71,49,48,143,31,9,0.251,0.323,0.404,0.727,0.314,177.2,10071
Matt Duffy,Rays,121,512,466,127,21,2,11,56,53,36,83,10,3,0.274,0.329,0.398,0.727,0.314,451,13836
Hunter Pence,Giants,136,593,538,140,23,4,16,69,68,48,118,4,1,0.26,0.322,0.405,0.727,0.313,432.9,8252
Tyler White,Astros,49,210,188,45,9,0,8,25,26,18,50,1,0,0.24,0.312,0.417,0.73,0.313,647.3,15564
Ryon Healy,Mariners,133,565,527,136,26,1,22,63,73,30,131,1,1,0.259,0.301,0.438,0.739,0.313,221.7,15447
Devin Mesoraco,Reds,65,257,226,52,10,1,10,29,33,24,59,1,0,0.229,0.313,0.414,0.727,0.313,486.4,5666
Shed Long,Reds,3,14,13,3,1,0,0,2,2,1,4,0,0,0.244,0.314,0.417,0.73,0.313,999,sa738578
Derek Fisher,Astros,71,308,273,65,12,2,11,41,34,30,92,8,3,0.236,0.317,0.411,0.728,0.313,390.7,16192
Alex Verdugo,Dodgers,29,128,116,31,7,0,3,14,14,9,17,1,0,0.269,0.327,0.4,0.726,0.312,541.7,17027
C.J. Cron,Rays,138,580,530,131,26,1,23,63,74,36,132,4,2,0.246,0.303,0.431,0.734,0.312,367.2,12546
Pedro Alvarez,Orioles,8,34,31,7,1,0,2,4,4,3,10,0,0,0.229,0.298,0.437,0.736,0.312,708.8,2495
Austin Meadows,Pirates,11,49,44,11,3,0,1,6,5,4,10,1,0,0.257,0.319,0.409,0.728,0.311,497.6,sa737440
Jorge Bonifacio,Royals,65,273,246,60,13,1,9,31,30,22,72,1,1,0.244,0.311,0.414,0.725,0.311,407.8,12174
Nick Markakis,Braves,138,594,524,140,27,1,8,60,59,61,89,1,0,0.267,0.345,0.368,0.713,0.311,438.7,5930
Whit Merrifield,Royals,141,594,548,147,33,3,13,73,59,35,95,19,7,0.267,0.313,0.413,0.726,0.311,72.4,11281
Starlin Castro,Marlins,138,584,545,147,25,2,18,61,70,29,110,3,1,0.269,0.31,0.42,0.73,0.311,282.3,4579
Mikie Mahtook,Tigers,130,547,498,125,27,4,15,64,59,36,129,7,3,0.251,0.31,0.414,0.724,0.311,341.2,13130
Chase Headley,Padres,130,554,489,124,25,2,10,59,55,54,120,6,2,0.253,0.334,0.375,0.71,0.311,410.8,4720
Travis d'Arnaud,Mets,97,382,346,86,17,1,13,43,45,29,67,1,0,0.248,0.309,0.419,0.728,0.31,288.1,7739
Max Moroff,Pirates,11,41,35,8,2,0,1,5,4,5,12,1,0,0.229,0.329,0.382,0.711,0.31,702,14556
Chris Young,Angels,37,160,142,33,8,0,6,19,18,15,34,1,1,0.23,0.31,0.411,0.721,0.31,692.6,3882
Brandon Crawford,Giants,147,643,577,146,32,4,16,72,76,54,128,5,2,0.254,0.32,0.407,0.727,0.31,337.2,5343
Sam Travis,Red Sox,3,14,13,3,1,0,0,2,2,1,3,0,0,0.261,0.324,0.391,0.715,0.31,679.6,16263
Delino DeShields,Rangers,139,598,520,130,24,4,10,78,44,60,143,31,8,0.251,0.333,0.371,0.705,0.309,193.6,11379
Gleyber Torres,Yankees,57,245,221,56,11,1,7,31,25,20,63,5,3,0.252,0.317,0.401,0.718,0.309,290.3,sa830372
Jordan Patterson,Rockies,10,42,38,9,2,0,1,5,5,3,12,0,0,0.241,0.31,0.411,0.72,0.309,999,15119
Christian Walker,Diamondbacks,2,7,6,2,0,0,0,1,1,1,2,0,0,0.241,0.308,0.416,0.724,0.309,659,13419
Jason Castro,Twins,122,479,420,97,22,2,14,55,53,51,137,1,1,0.231,0.318,0.393,0.711,0.309,380,8722
Jurickson Profar,Rangers,58,251,221,56,12,1,5,28,24,23,40,3,1,0.252,0.328,0.38,0.708,0.309,547,10815
Chance Sisco,Orioles,65,250,224,57,12,1,5,28,23,21,67,1,1,0.255,0.325,0.385,0.71,0.309,349.6,15694
Miguel Andujar,Yankees,49,210,195,50,10,1,7,25,24,11,39,1,1,0.258,0.303,0.422,0.725,0.309,408,15878
Jabari Blash,Angels,3,14,12,2,0,0,1,2,2,2,5,0,0,0.205,0.311,0.398,0.709,0.308,692.6,11247
A.J. Reed,Astros,13,56,49,11,2,0,2,7,7,6,18,0,0,0.22,0.307,0.412,0.719,0.308,622.4,16246
Adrian Gonzalez,Mets,73,293,263,67,15,0,8,32,32,25,52,1,0,0.253,0.32,0.401,0.72,0.308,504.5,1908
Enrique Hernandez,Dodgers,118,416,370,87,19,1,14,48,49,40,92,2,1,0.234,0.311,0.406,0.717,0.308,540.5,10472
Eric Sogard,Brewers,57,206,180,46,9,1,2,22,18,22,27,2,1,0.256,0.341,0.355,0.696,0.308,613.4,7927
Nick Delmonico,White Sox,133,558,495,115,26,1,19,59,62,53,131,4,1,0.233,0.31,0.406,0.717,0.308,441.6,13157
Tyler Austin,Yankees,18,77,69,16,3,0,3,9,9,7,25,1,0,0.232,0.304,0.414,0.718,0.308,677.2,11850
Jeimer Candelario,Tigers,133,560,503,122,31,2,15,61,61,50,129,1,1,0.242,0.313,0.402,0.715,0.308,339.4,13621
Jon Jay,Royals,122,512,455,123,23,3,3,55,39,39,95,5,2,0.271,0.343,0.354,0.697,0.307,583.6,5227
J.P. Crawford,Phillies,143,615,534,127,25,3,14,67,57,72,120,7,3,0.238,0.33,0.37,0.699,0.307,373,15491
Daniel Descalso,Diamondbacks,97,262,228,54,12,2,6,29,27,29,55,2,1,0.236,0.325,0.381,0.706,0.307,648.3,8392
Jose Reyes,Mets,71,227,205,52,10,1,5,28,21,18,34,8,3,0.255,0.316,0.396,0.712,0.307,328.7,1736
Bradley Zimmer,Indians,138,597,527,122,27,3,17,79,60,55,198,23,6,0.232,0.314,0.394,0.708,0.307,195.4,16221
Jordy Mercer,Pirates,138,595,534,139,27,2,14,61,69,49,95,3,2,0.26,0.325,0.396,0.721,0.307,504.2,6547
Miguel Gomez,Giants,2,7,7,2,0,0,0,1,1,0,1,0,0,0.276,0.312,0.406,0.718,0.307,999,17075
Cory Spangenberg,Padres,28,78,71,18,3,1,2,9,8,6,19,2,1,0.258,0.315,0.396,0.712,0.307,398.3,12294
Kyle Tucker,Astros,8,35,32,8,2,0,1,4,4,3,8,1,0,0.243,0.305,0.417,0.722,0.307,524.8,sa874240
Sean Rodriguez,Pirates,87,278,246,56,11,1,11,32,33,24,85,3,1,0.226,0.305,0.408,0.713,0.306,633.5,6589
Aledmys Diaz,Blue Jays,45,194,178,45,10,1,6,23,21,12,32,2,1,0.255,0.306,0.412,0.718,0.306,478.6,15937
Mitch Garver,Twins,40,160,141,33,8,0,5,18,18,16,41,0,0,0.232,0.313,0.394,0.708,0.306,562.3,15161
Yan Gomes,Indians,65,257,233,55,11,1,10,29,33,17,67,1,0,0.237,0.298,0.419,0.717,0.306,393.9,9627
Dan Vogelbach,Mariners,32,138,120,27,6,0,4,15,15,16,33,0,0,0.23,0.325,0.378,0.702,0.306,606,14130
Ketel Marte,Diamondbacks,143,620,567,155,31,5,7,68,62,44,89,13,4,0.273,0.326,0.383,0.709,0.306,340.9,13613
Jacoby Ellsbury,Yankees,49,210,186,48,9,1,3,26,18,19,32,8,2,0.256,0.328,0.374,0.702,0.306,457.3,4727
Christian Arroyo,Rays,57,239,221,59,12,1,5,25,26,14,45,3,1,0.269,0.317,0.399,0.716,0.306,535.4,16434
Michael Taylor,Nationals,130,528,481,115,24,2,20,69,64,40,170,20,5,0.239,0.301,0.419,0.72,0.306,224.8,11489
Kyle Higashioka,Yankees,8,32,29,7,1,0,2,4,4,2,7,0,0,0.231,0.287,0.438,0.725,0.305,999,5517
Jake Bauers,Rays,45,191,169,41,9,0,5,20,20,19,40,3,1,0.242,0.321,0.383,0.704,0.305,490.4,sa737848
Kevin Pillar,Blue Jays,146,623,578,152,34,2,14,74,61,33,96,14,5,0.263,0.308,0.402,0.71,0.305,329.3,12434
James McCann,Tigers,122,469,426,104,21,2,15,51,52,32,112,2,1,0.245,0.305,0.404,0.709,0.305,299.1,12859
Dilson Herrera,Reds,44,109,100,25,5,0,3,12,12,7,27,2,1,0.247,0.303,0.409,0.712,0.305,698.1,14335
Alex Gordon,Royals,139,587,512,119,24,2,15,65,57,58,144,6,3,0.232,0.323,0.375,0.699,0.305,528.1,5209
Harrison Bader,Cardinals,16,71,65,16,3,0,2,9,8,5,20,2,1,0.243,0.303,0.406,0.709,0.305,565.9,18030
Mike Tauchman,Rockies,55,179,162,43,9,2,3,21,17,14,34,4,2,0.262,0.321,0.385,0.706,0.305,999,15274
Anthony Santander,Orioles,65,273,249,59,13,0,11,31,30,19,74,2,1,0.235,0.297,0.42,0.717,0.304,660.2,14551
Jose Osuna,Pirates,15,51,47,12,3,0,1,5,6,3,10,0,0,0.254,0.305,0.41,0.715,0.304,654.5,12937
Matt Chapman,Athletics,146,618,549,117,25,3,28,73,75,59,200,6,3,0.212,0.293,0.423,0.716,0.304,283.8,16505
Jefry Marte,Angels,18,76,69,16,3,0,3,9,9,6,16,1,0,0.233,0.301,0.406,0.707,0.304,999,5107
Brian Goodwin,Nationals,62,209,187,43,9,1,7,25,24,19,56,4,1,0.232,0.306,0.399,0.706,0.304,594.3,12858
Hernan Perez,Brewers,65,242,226,59,11,1,7,29,27,12,43,8,2,0.261,0.299,0.416,0.715,0.304,384.7,5751
Nick Solak,Rays,2,7,6,2,0,0,0,1,1,1,2,0,0,0.251,0.321,0.376,0.697,0.304,999,sa874054
Brandon Drury,Yankees,97,420,388,97,21,1,13,48,48,26,88,2,1,0.25,0.301,0.41,0.711,0.304,362,11615
T.J. Rivera,Mets,28,79,73,20,4,0,2,8,8,4,13,0,0,0.271,0.315,0.389,0.704,0.304,643.9,12495
Chase Utley,Dodgers,104,352,314,75,18,2,8,40,37,30,65,3,1,0.238,0.312,0.389,0.701,0.303,999,1679
Keon Broxton,Brewers,34,128,113,25,5,1,5,17,14,13,48,6,2,0.219,0.302,0.403,0.705,0.303,344.3,9253
Boog Powell,Athletics,36,151,134,35,6,1,2,17,11,14,28,3,1,0.257,0.328,0.362,0.691,0.303,589.4,15103
Austin Slater,Giants,2,7,6,2,0,0,0,1,1,1,2,0,0,0.26,0.318,0.379,0.698,0.303,676.2,16153
Alex Blandino,Reds,6,28,25,6,1,0,1,3,3,3,7,0,0,0.235,0.316,0.38,0.696,0.303,999,sa602521
Tony Kemp,Astros,3,14,13,3,1,0,0,2,1,1,2,0,0,0.267,0.326,0.368,0.694,0.303,692.5,14894
Tyler O'Neill,Cardinals,5,21,19,4,1,0,1,3,3,2,7,0,0,0.225,0.298,0.415,0.713,0.303,643,sa737633
Brock Holt,Red Sox,11,49,44,11,2,0,1,6,4,4,9,1,0,0.258,0.331,0.357,0.687,0.303,685.5,9345
J.D. Davis,Astros,29,126,115,27,6,0,5,15,16,9,40,1,0,0.233,0.296,0.412,0.708,0.303,668.8,16219
Teoscar Hernandez,Blue Jays,29,125,113,26,6,1,4,16,13,10,36,3,1,0.233,0.298,0.409,0.708,0.302,366.8,13066
Zack Granite,Twins,19,84,76,21,3,1,1,10,7,6,10,3,1,0.271,0.326,0.367,0.694,0.302,638.9,15343
Cameron Maybin,Marlins,138,584,519,128,23,3,11,70,46,57,120,26,8,0.247,0.324,0.364,0.688,0.302,337.6,5223
Chris Owings,Diamondbacks,104,290,269,70,15,3,6,33,31,16,62,8,2,0.261,0.304,0.404,0.708,0.302,244.3,10030
Orlando Arcia,Brewers,138,599,554,144,29,3,15,68,65,37,112,15,5,0.259,0.308,0.401,0.71,0.302,182.9,13185
Jose Peraza,Reds,130,562,522,146,23,5,7,67,50,25,77,26,7,0.28,0.318,0.384,0.702,0.302,208.8,13593
Shohei Ohtani,Angels,81,348,311,69,16,1,13,42,40,33,125,3,1,0.222,0.3,0.406,0.705,0.302,80.1,19755
Pat Valaika,Rockies,97,282,261,64,15,2,10,33,34,14,76,4,1,0.245,0.287,0.428,0.714,0.302,576.1,14885
Carlos Asuaje,Padres,29,125,111,28,6,1,2,13,11,11,24,1,0,0.251,0.321,0.368,0.69,0.302,590.1,15197
Tucker Barnhart,Reds,89,353,312,79,17,1,6,35,37,34,60,2,1,0.254,0.33,0.377,0.706,0.302,324,10200
Rob Refsnyder,Indians,3,14,13,3,1,0,0,2,1,1,3,0,0,0.254,0.327,0.363,0.69,0.302,999,13770
Breyvic Valera,Cardinals,6,28,26,7,1,0,0,3,3,2,3,0,0,0.273,0.328,0.364,0.692,0.301,999,12758
Roberto Perez,Indians,81,321,276,61,12,1,9,38,32,37,88,2,1,0.221,0.316,0.371,0.687,0.301,578.4,2900
Albert Pujols,Angels,130,556,512,124,22,1,23,61,71,35,76,3,1,0.242,0.292,0.422,0.714,0.301,312.2,1177
Phillip Ervin,Reds,86,252,224,52,12,1,7,30,26,21,60,9,2,0.232,0.306,0.389,0.696,0.301,660.8,14738
Dansby Swanson,Braves,130,559,498,125,27,2,10,58,58,53,121,5,2,0.252,0.326,0.377,0.703,0.301,381.3,18314
Justin Williams,Rays,6,27,25,7,1,0,1,3,3,1,6,0,0,0.258,0.302,0.402,0.704,0.301,702.3,sa737559
Mark Canha,Athletics,18,76,68,16,3,0,2,8,8,5,19,1,0,0.232,0.299,0.4,0.699,0.301,999,11445
Andrelton Simmons,Angels,149,640,586,155,27,2,12,73,62,43,62,10,4,0.264,0.316,0.379,0.695,0.301,213.9,10847
Rob Segedin,Dodgers,24,66,60,14,3,0,2,7,8,5,15,0,0,0.24,0.303,0.394,0.697,0.301,999,11446
Ben Gamel,Mariners,113,482,438,112,23,3,9,53,45,37,108,6,3,0.256,0.315,0.38,0.695,0.301,443.5,12160
Jose Marmolejos,Nationals,2,7,6,2,0,0,0,1,1,1,2,0,0,0.248,0.313,0.384,0.697,0.301,999,sa598311
Martin Prado,Marlins,113,481,440,118,22,2,6,47,45,33,64,1,1,0.268,0.322,0.368,0.69,0.3,554.3,3312
A.J. Ellis,Padres,40,158,138,33,6,1,4,16,16,16,30,1,0,0.236,0.319,0.371,0.69,0.3,999,5677
Roman Quinn,Phillies,42,142,127,31,6,1,3,18,11,12,38,7,2,0.246,0.315,0.373,0.688,0.3,642.1,13546
Andrew Knapp,Phillies,16,64,57,13,3,0,2,7,7,6,18,0,0,0.235,0.316,0.377,0.693,0.3,640.2,14942
Leury Garcia,White Sox,81,340,313,81,13,3,7,40,30,19,78,12,5,0.259,0.308,0.389,0.697,0.3,502.9,5913
Dalton Pompey,Blue Jays,8,35,31,8,2,0,1,4,3,3,8,1,0,0.244,0.313,0.378,0.691,0.3,999,12797
Danny Jansen,Blue Jays,13,50,45,11,2,0,1,5,5,4,8,0,0,0.245,0.313,0.381,0.695,0.3,637,sa738162
Colin Moran,Pirates,100,434,392,96,19,1,11,45,50,36,105,2,1,0.244,0.309,0.386,0.696,0.3,406.8,16909
Brett Phillips,Brewers,6,28,25,6,1,0,1,3,3,2,10,0,0,0.226,0.3,0.4,0.701,0.299,534.5,14735
Greg Allen,Indians,8,35,31,8,2,0,0,4,3,3,7,1,0,0.246,0.324,0.357,0.681,0.299,633.3,16623
Garrett Cooper,Marlins,63,170,155,38,9,0,4,17,19,11,41,1,0,0.247,0.305,0.395,0.7,0.299,643.7,15279
Matt Wieters,Nationals,105,422,381,92,18,1,13,45,51,35,86,1,0,0.24,0.305,0.392,0.697,0.299,327.3,4298
Cheslor Cuthbert,Royals,94,396,361,89,19,1,10,41,42,30,75,2,1,0.246,0.304,0.39,0.695,0.299,575.6,10473
Lewis Brinson,Marlins,138,584,531,126,27,3,18,65,62,43,160,13,4,0.238,0.299,0.401,0.7,0.299,292.3,14352
Tim Anderson,White Sox,146,612,581,153,27,4,16,69,62,21,161,15,5,0.264,0.294,0.406,0.7,0.299,196.5,15172
Chad Pinder,Athletics,104,439,404,96,20,2,15,49,48,25,126,4,2,0.239,0.292,0.405,0.697,0.299,450.9,15191
Greg Garcia,Cardinals,89,241,207,50,10,1,2,26,19,26,49,2,1,0.244,0.338,0.33,0.668,0.299,677.8,10951
Daniel Robertson,Rays,89,376,332,79,16,1,7,38,35,35,92,2,1,0.238,0.32,0.358,0.678,0.298,679.3,14145
Jarrett Parker,Giants,24,66,58,13,3,0,2,8,7,6,22,1,0,0.223,0.308,0.379,0.687,0.298,689.7,11624
Thairo Estrada,Yankees,2,7,6,2,0,0,0,1,1,0,1,0,0,0.266,0.314,0.374,0.688,0.298,999,sa739620
Jake Marisnick,Astros,50,217,197,45,9,1,9,29,24,14,66,8,3,0.227,0.287,0.411,0.699,0.298,536,11339
Tim Locastro,Dodgers,10,43,39,10,2,0,1,5,4,2,7,1,0,0.257,0.314,0.369,0.683,0.298,645.3,15124
Peter Bourjos,Cubs,8,36,32,8,1,0,1,5,3,2,8,1,0,0.243,0.302,0.39,0.692,0.297,999,2578
Yolmer Sanchez,White Sox,118,497,454,115,21,3,11,53,46,31,107,9,4,0.254,0.305,0.385,0.69,0.297,436.6,11602
Cameron Rupp,Phillies,57,224,201,44,9,0,9,24,28,19,70,0,0,0.221,0.292,0.402,0.695,0.297,499,11146
Jake Cave,Twins,10,42,38,9,2,0,1,5,4,3,12,0,0,0.246,0.302,0.389,0.691,0.297,999,sa597983
Christian Villanueva,Padres,31,132,120,28,7,0,5,13,16,9,31,1,0,0.233,0.291,0.406,0.697,0.297,659.1,11738
Chris Bostick,Pirates,3,14,13,3,1,0,0,2,1,1,3,0,0,0.247,0.31,0.375,0.685,0.297,680,13718
David Bote,Cubs,2,7,6,2,0,0,0,1,1,1,2,0,0,0.242,0.308,0.378,0.686,0.297,737,sa658323
Carson Kelly,Cardinals,11,46,41,10,2,0,1,5,5,3,8,0,0,0.244,0.306,0.377,0.684,0.296,533.6,13620
Willy Adames,Rays,8,34,30,7,2,0,1,4,3,3,10,0,0,0.236,0.314,0.364,0.678,0.296,479.4,sa736655
Kevin Plawecki,Mets,57,223,201,49,10,0,5,23,22,16,39,1,0,0.245,0.31,0.374,0.684,0.296,553,13807
Drew Robinson,Rangers,55,237,209,44,10,1,8,28,25,25,78,4,2,0.213,0.3,0.384,0.684,0.296,651,11761
Anthony Alford,Blue Jays,21,90,80,19,4,0,2,11,8,8,26,2,1,0.237,0.313,0.365,0.678,0.296,559.8,14329
Billy McKinney,Yankees,3,14,13,3,1,0,0,2,1,1,3,0,0,0.235,0.303,0.382,0.685,0.296,666.3,sa737528
Dee Gordon,Mariners,144,613,572,162,21,6,3,80,41,30,94,45,16,0.283,0.322,0.356,0.677,0.296,28.5,8203
Franklin Barreto,Athletics,29,124,114,28,6,1,3,14,12,7,36,3,1,0.245,0.295,0.396,0.691,0.296,451.2,15519
Chris Gimenez,Cubs,24,98,85,19,4,0,3,11,10,10,25,0,0,0.223,0.308,0.367,0.674,0.295,999,7324
Preston Tucker,Braves,57,205,185,42,9,0,7,21,25,17,49,1,0,0.225,0.293,0.397,0.69,0.295,639.8,13633
Tom Murphy,Rockies,40,161,148,33,8,1,6,18,21,10,57,1,0,0.222,0.281,0.415,0.695,0.295,453.8,13499
Abraham Almonte,Indians,11,49,44,11,2,0,1,6,5,4,11,1,0,0.241,0.313,0.369,0.682,0.295,999,5486
Mallex Smith,Rays,105,444,398,100,17,4,5,53,31,37,100,26,7,0.252,0.32,0.353,0.673,0.295,315.3,13608
Allen Cordoba,Padres,16,49,45,12,2,0,1,5,5,3,10,1,0,0.256,0.311,0.367,0.679,0.295,693.8,15722
Rio Ruiz,Braves,73,214,192,43,10,0,6,22,24,20,58,1,0,0.226,0.302,0.381,0.683,0.295,670.6,14103
Rajai Davis,Indians,19,84,77,19,4,1,1,11,7,6,18,5,1,0.248,0.306,0.373,0.679,0.295,536.3,3708
Rowdy Tellez,Blue Jays,2,7,6,1,0,0,0,1,1,1,2,0,0,0.234,0.304,0.383,0.687,0.295,698.9,sa738437
Manny Pina,Brewers,81,322,293,71,16,1,8,32,36,21,67,1,1,0.242,0.3,0.384,0.684,0.294,353.1,2829
Joey Rickard,Orioles,34,143,129,32,7,0,2,16,11,10,31,3,1,0.246,0.31,0.362,0.672,0.294,700.7,13277
Kyle Farmer,Dodgers,11,47,43,11,3,0,1,5,5,3,8,0,0,0.253,0.304,0.376,0.681,0.294,999,14813
Jett Bandy,Brewers,21,84,75,17,4,0,3,9,10,5,19,0,0,0.225,0.292,0.389,0.682,0.294,682.7,12508
Jarrod Dyson,Diamondbacks,57,246,219,56,9,4,1,31,15,18,35,17,3,0.255,0.32,0.351,0.671,0.293,396.4,4866
Brian Anderson,Marlins,73,211,191,45,9,1,6,21,22,16,54,1,0,0.235,0.3,0.378,0.678,0.293,541.5,18289
Scott Kingery,Phillies,31,133,122,30,6,1,4,15,14,8,31,3,1,0.242,0.293,0.393,0.686,0.293,303.7,sa857705
Dawel Lugo,Tigers,55,232,219,57,11,1,5,24,24,11,36,1,1,0.261,0.297,0.387,0.684,0.293,999,sa659207
Jeremy Hazelbaker,Diamondbacks,11,29,26,6,1,0,1,3,3,2,9,1,0,0.229,0.298,0.383,0.681,0.293,635.3,9399
Austin Hedges,Padres,105,412,380,87,18,1,17,42,53,23,105,3,1,0.23,0.279,0.413,0.692,0.292,252.7,12976
Steven Duggar,Giants,65,283,252,60,13,2,4,31,25,27,77,5,2,0.238,0.315,0.352,0.667,0.292,582.4,sa827165
Tony Wolters,Rockies,40,161,142,35,7,1,2,17,14,15,36,1,1,0.245,0.322,0.349,0.671,0.292,607.8,11470
Jesmuel Valentin,Phillies,11,49,44,10,2,0,1,5,5,4,10,1,0,0.24,0.306,0.37,0.676,0.292,999,sa657867
Nick Hundley,Giants,29,116,107,26,5,1,3,12,14,7,29,1,0,0.242,0.292,0.391,0.683,0.292,514.6,3376
Gregor Blanco,Giants,49,131,115,27,5,1,1,15,10,14,27,4,1,0.239,0.326,0.334,0.659,0.292,701.8,3123
Christian Vazquez,Red Sox,113,450,411,105,22,1,6,49,44,30,87,4,2,0.256,0.311,0.359,0.67,0.292,298.7,9774
Casey Gillaspie,White Sox,2,7,6,1,0,0,0,1,1,1,2,0,0,0.222,0.299,0.378,0.677,0.291,705,sa827177
Reese McGuire,Blue Jays,3,13,12,3,1,0,0,1,1,1,2,0,0,0.251,0.31,0.362,0.671,0.291,999,sa737505
Ben Revere,Reds,2,7,7,2,0,0,0,1,1,0,1,0,0,0.278,0.32,0.346,0.666,0.291,544.3,4712
Taylor Motter,Mariners,24,103,94,21,5,0,3,12,10,8,22,3,1,0.229,0.294,0.381,0.675,0.291,623,12399
Rusney Castillo,Red Sox,3,14,13,3,1,0,0,2,1,1,3,0,0,0.258,0.297,0.378,0.675,0.291,646.8,17016
Bryce Brentz,Pirates,47,123,113,26,5,0,4,13,15,8,33,1,0,0.229,0.286,0.392,0.678,0.291,697.5,10607
Tyler Wade,Yankees,31,133,120,29,6,1,2,16,11,11,32,4,1,0.243,0.31,0.355,0.665,0.291,632,15730
Mike Gerber,Tigers,32,137,124,28,7,1,4,15,14,11,41,2,1,0.229,0.294,0.383,0.677,0.291,704,sa550125
Chris Herrmann,Diamondbacks,13,51,45,10,2,0,1,5,6,5,13,1,0,0.219,0.299,0.371,0.671,0.291,537,9284
Erick Aybar,Twins,18,77,70,18,4,0,1,8,7,5,11,1,1,0.258,0.31,0.362,0.672,0.291,660.3,4082
Mauricio Dubon,Brewers,5,21,19,5,1,0,0,2,2,1,4,1,0,0.257,0.305,0.365,0.67,0.29,670.1,sa738378
Ronald Guzman,Rangers,5,21,19,5,1,0,0,2,2,1,5,0,0,0.243,0.301,0.371,0.672,0.29,649.7,sa659670
Renato Nunez,Athletics,5,21,19,4,1,0,1,2,2,1,6,0,0,0.22,0.276,0.407,0.683,0.29,701.2,14503
Wilmer Difo,Nationals,71,252,230,58,11,1,4,28,24,17,48,7,2,0.254,0.309,0.364,0.673,0.29,451.1,14320
Matt Davidson,White Sox,130,544,494,102,21,1,26,56,71,40,196,1,1,0.208,0.274,0.408,0.682,0.29,435.5,7226
Ryan Rua,Rangers,10,42,38,8,2,0,1,5,4,3,13,1,0,0.224,0.291,0.38,0.671,0.29,701.2,12409
Kelby Tomlinson,Giants,66,209,188,49,7,1,1,23,15,17,38,6,2,0.26,0.325,0.329,0.655,0.29,684,13005
Josh Phegley,Athletics,23,88,81,19,4,0,3,9,9,5,16,0,0,0.233,0.288,0.387,0.675,0.29,621.4,9308
Johan Camargo,Braves,130,519,477,123,26,3,8,52,49,28,98,4,2,0.258,0.3,0.376,0.676,0.29,438.4,14950
Eric Haase,Indians,3,13,12,2,1,0,1,2,2,1,5,0,0,0.204,0.277,0.4,0.677,0.29,999,sa601042
Amed Rosario,Mets,143,613,572,147,28,5,10,70,54,32,141,16,5,0.258,0.3,0.373,0.673,0.29,242.9,15518
Billy Hamilton,Reds,130,562,507,128,22,6,6,75,36,43,112,49,12,0.252,0.31,0.351,0.661,0.29,66.4,10199
Ehire Adrianza,Twins,26,112,100,24,5,1,2,12,10,8,20,2,1,0.243,0.307,0.359,0.665,0.289,686,8418
Jake Smolinski,Athletics,24,103,93,22,4,0,3,11,10,7,19,1,0,0.232,0.297,0.369,0.666,0.289,678.9,5408
Freddy Galvis,Padres,130,554,511,127,23,4,12,57,56,32,97,10,3,0.249,0.295,0.38,0.675,0.289,370.5,6609
Patrick Kivlehan,Reds,2,7,6,1,0,0,0,1,1,1,2,0,0,0.222,0.285,0.387,0.672,0.289,678.8,13910
Dwight Smith,Blue Jays,2,7,6,1,0,0,0,1,1,1,1,0,0,0.238,0.302,0.363,0.665,0.289,999,13473
Pablo Sandoval,Giants,65,161,147,35,6,0,4,16,19,11,28,0,0,0.239,0.298,0.371,0.669,0.289,677.7,5409
Carlos Tocci,Rangers,29,125,116,30,6,1,1,13,11,6,23,2,1,0.262,0.307,0.357,0.664,0.289,999,sa660101
Kevin Newman,Pirates,3,14,13,3,1,0,0,1,1,1,2,0,0,0.261,0.31,0.355,0.665,0.288,999,sa827183
Dustin Fowler,Athletics,118,501,469,114,26,5,12,57,49,25,112,11,4,0.243,0.283,0.397,0.68,0.288,364.3,17098
Michael Hermosillo,Angels,2,7,6,1,0,0,0,1,1,1,2,0,0,0.236,0.309,0.348,0.656,0.288,999,sa738413
Marco Hernandez,Red Sox,6,28,26,7,1,0,1,3,3,1,7,0,0,0.253,0.295,0.375,0.67,0.288,668.3,13154
Victor Reyes,Tigers,57,239,222,59,11,2,2,25,20,13,44,5,2,0.266,0.306,0.361,0.667,0.288,683.3,sa657236
Guillermo Heredia,Mariners,34,145,129,32,5,1,2,15,12,11,22,2,1,0.245,0.316,0.339,0.654,0.287,680.4,18721
Ildemaro Vargas,Diamondbacks,3,14,13,3,1,0,0,1,1,1,1,0,0,0.259,0.305,0.358,0.662,0.287,999,13324
Isiah Kiner-Falefa,Rangers,3,13,12,3,1,0,0,1,1,1,2,0,0,0.259,0.314,0.339,0.653,0.287,999,sa737855
Franchy Cordero,Padres,96,409,377,89,17,4,10,46,39,25,139,10,3,0.236,0.288,0.383,0.671,0.287,511.5,14567
Luis Torrens,Padres,8,32,29,7,1,0,0,3,3,2,6,0,0,0.247,0.309,0.351,0.66,0.287,699.8,15905
Jose Iglesias,Tigers,138,581,536,140,25,2,7,60,49,30,70,10,5,0.26,0.306,0.351,0.657,0.287,529,10231
Dylan Cozens,Phillies,18,57,51,10,2,0,2,6,7,5,23,1,0,0.201,0.277,0.394,0.671,0.286,699.8,sa657955
Noel Cuevas,Rockies,3,14,13,3,1,0,0,2,1,1,3,0,0,0.252,0.295,0.372,0.668,0.286,999,sa549566
Rene Rivera,Angels,49,191,174,39,7,0,7,20,21,12,51,1,0,0.227,0.283,0.387,0.67,0.286,620.6,3648
Yairo Munoz,Cardinals,2,7,7,2,0,0,0,1,1,0,1,0,0,0.247,0.288,0.38,0.668,0.286,999,sa657210
John Hicks,Tigers,57,227,211,50,10,1,7,24,24,12,60,3,1,0.235,0.283,0.382,0.665,0.286,635.5,12547
Leonys Martin,Tigers,97,410,374,87,15,3,10,49,35,28,102,14,6,0.234,0.292,0.369,0.661,0.286,426,11846
Juan Lagares,Mets,40,174,160,40,8,1,3,19,15,10,35,3,1,0.248,0.296,0.363,0.659,0.285,619.7,5384
Taylor Davis,Cubs,2,6,6,1,0,0,0,1,1,0,1,0,0,0.245,0.302,0.352,0.654,0.285,999,12782
Kevan Smith,White Sox,23,87,80,20,4,0,2,8,8,5,17,0,0,0.248,0.299,0.356,0.655,0.285,633.3,12284
Edmundo Sosa,Cardinals,3,14,13,3,1,0,0,1,1,1,3,0,0,0.253,0.299,0.359,0.658,0.285,999,sa736859
Gorkys Hernandez,Giants,32,101,91,22,4,1,1,11,8,8,22,3,1,0.247,0.313,0.334,0.647,0.285,732,4146
Sandy Leon,Red Sox,32,128,115,26,5,0,3,14,13,11,31,0,0,0.228,0.297,0.358,0.655,0.285,553.3,5273
Charlie Tilson,White Sox,2,7,6,2,0,0,0,1,1,0,1,0,0,0.249,0.301,0.355,0.656,0.285,463,12983
Samir Duenez,Royals,8,34,32,8,2,0,1,4,3,2,7,0,0,0.24,0.287,0.376,0.663,0.284,999,sa739574
Scott Van Slyke,Marlins,81,245,218,46,11,0,7,24,25,21,72,3,1,0.213,0.292,0.36,0.652,0.284,678.2,4365
Raudy Read,Nationals,5,19,18,4,1,0,0,2,2,1,4,0,0,0.238,0.284,0.378,0.663,0.284,999,15766
Cam Perkins,Mariners,2,7,6,1,0,0,0,1,1,0,1,0,0,0.238,0.294,0.362,0.657,0.284,999,13444
Mike Marjama,Mariners,37,145,134,32,7,0,4,15,15,8,32,1,1,0.238,0.285,0.374,0.659,0.284,719.5,12594
Sergio Alcantara,Tigers,11,48,43,11,2,0,0,5,4,4,8,1,0,0.249,0.308,0.34,0.648,0.284,999,sa739641
Ramon Laureano,Athletics,3,14,12,3,1,0,0,2,1,1,4,0,0,0.227,0.296,0.356,0.652,0.284,999,sa829185
Tzu-Wei Lin,Red Sox,3,14,13,3,1,0,0,2,1,1,3,0,0,0.242,0.302,0.349,0.65,0.284,667.3,14678
Raffy Lopez,Padres,8,32,28,6,1,0,1,3,4,3,9,0,0,0.217,0.29,0.367,0.657,0.284,741.5,12606
Max Stassi,Astros,8,32,29,6,1,0,1,4,4,3,10,0,0,0.212,0.284,0.37,0.654,0.284,658.3,10059
Blake Swihart,Red Sox,39,163,148,35,8,1,3,18,16,13,42,2,1,0.235,0.298,0.354,0.652,0.284,481.9,13176
Luis Guillorme,Mets,5,21,19,5,1,0,0,2,1,2,3,0,0,0.252,0.321,0.315,0.636,0.284,999,sa737882
Dixon Machado,Tigers,125,526,473,115,23,2,6,54,40,40,91,8,3,0.244,0.307,0.338,0.644,0.284,560,11472
Ryan O'Hearn,Royals,8,34,31,7,1,0,1,3,4,3,11,0,0,0.217,0.288,0.372,0.659,0.284,684,sa829141
Matt Szczur,Padres,66,165,147,34,6,1,3,17,14,14,31,2,1,0.232,0.304,0.34,0.644,0.284,999,11255
Daniel Palka,White Sox,3,14,12,3,1,0,1,1,2,1,5,0,0,0.207,0.275,0.39,0.665,0.283,999,sa549449
Niko Goodrum,Twins,3,14,13,3,1,0,0,2,1,1,4,0,0,0.227,0.289,0.37,0.658,0.283,999,12092
Jacob Nottingham,Brewers,3,13,12,3,1,0,0,1,1,1,4,0,0,0.222,0.29,0.369,0.659,0.283,730.3,sa737809
Andres Blanco,Giants,5,21,19,5,1,0,0,2,2,2,4,0,0,0.237,0.299,0.35,0.648,0.283,999,1907
Travis Jankowski,Padres,18,76,68,16,3,1,1,8,5,7,18,3,1,0.242,0.315,0.321,0.636,0.283,669.2,13768
Gavin Cecchini,Mets,15,43,39,10,2,0,1,4,4,3,7,0,0,0.245,0.301,0.348,0.649,0.283,999,17005
Tomas Nido,Mets,8,32,30,7,1,0,1,3,3,2,7,0,0,0.245,0.29,0.367,0.656,0.283,999,13755
Jacob Stallings,Pirates,16,64,58,14,3,0,1,6,6,4,14,0,0,0.238,0.294,0.36,0.654,0.282,999,13723
Lane Adams,Braves,81,249,228,51,11,1,7,28,25,17,80,9,2,0.222,0.282,0.371,0.653,0.282,596.9,10767
Cam Gallagher,Royals,8,31,28,7,2,0,1,3,3,2,5,0,0,0.238,0.3,0.352,0.651,0.282,999,12981
Richard Urena,Blue Jays,3,14,13,3,1,0,0,1,1,1,3,0,0,0.245,0.287,0.372,0.659,0.282,677.3,16411
Jose Rondon,White Sox,3,14,13,3,1,0,0,1,1,1,3,0,0,0.249,0.291,0.362,0.653,0.281,999,14140
Omar Narvaez,White Sox,40,156,137,33,6,0,1,14,12,15,24,0,0,0.241,0.318,0.314,0.632,0.281,659.1,13338
Bruce Maxwell,Athletics,23,88,79,18,4,0,2,9,8,8,21,0,0,0.226,0.301,0.337,0.638,0.281,457.8,13866
Martin Maldonado,Angels,97,381,342,76,12,1,11,39,38,25,94,2,1,0.221,0.288,0.362,0.65,0.281,405.1,6887
Jose Siri,Reds,8,35,33,7,2,0,1,4,4,2,11,1,0,0.229,0.272,0.389,0.661,0.281,999,sa736940
Adeiny Hechavarria,Rays,130,546,509,130,20,4,8,52,52,30,92,4,2,0.255,0.296,0.357,0.653,0.281,543.8,10459
Aristides Aquino,Reds,2,7,6,1,0,0,0,1,1,0,2,0,0,0.217,0.27,0.394,0.664,0.28,999,sa597058
Carlos Perez,Angels,8,32,29,7,1,0,1,3,3,2,6,0,0,0.235,0.29,0.353,0.644,0.28,693.4,10642
JaCoby Jones,Tigers,41,171,155,34,7,1,4,19,16,12,58,4,1,0.22,0.284,0.364,0.648,0.28,661,14818
Ryan Cordell,White Sox,39,163,150,33,7,1,5,17,16,11,46,3,1,0.221,0.279,0.372,0.651,0.28,999,sa737938
Mac Williamson,Giants,21,51,47,10,2,0,1,5,6,4,16,0,0,0.218,0.286,0.361,0.647,0.279,999,14158
Juan Centeno,Rangers,37,146,134,34,6,1,1,14,12,9,27,1,0,0.252,0.302,0.337,0.639,0.279,999,7168
Andrew Susac,Orioles,13,50,44,9,2,0,2,5,5,5,15,0,0,0.204,0.283,0.359,0.642,0.279,676,13132
Meibrys Viloria,Royals,2,6,5,1,0,0,0,1,1,0,1,0,0,0.237,0.292,0.35,0.641,0.279,999,sa830182
Chad Wallach,Marlins,8,31,28,6,1,0,1,3,3,2,9,0,0,0.218,0.286,0.356,0.643,0.278,712,17161
Drew Butera,Royals,19,75,68,15,3,0,2,7,7,5,17,0,0,0.227,0.284,0.357,0.641,0.278,695.7,3411
Tyler Saladino,White Sox,65,272,247,58,10,1,4,28,21,19,59,7,3,0.234,0.295,0.339,0.633,0.278,690.3,10807
Austin Wynns,Orioles,3,13,12,3,1,0,0,1,1,1,3,0,0,0.233,0.295,0.338,0.634,0.278,716,sa707785
Erik Gonzalez,Indians,3,14,13,3,1,0,0,2,1,1,4,0,0,0.237,0.276,0.374,0.65,0.278,667.2,13369
Socrates Brito,Diamondbacks,16,70,66,16,3,1,1,7,7,4,17,1,0,0.24,0.282,0.364,0.646,0.278,700.8,12944
Raul Mondesi,Royals,45,191,175,40,8,2,5,23,15,11,58,7,2,0.229,0.276,0.376,0.652,0.277,371.4,13769
Jesus Sucre,Rays,40,156,144,35,6,0,3,15,15,8,31,1,1,0.241,0.284,0.358,0.641,0.277,657.1,5942
Matt Reynolds,Nationals,3,14,13,3,1,0,0,1,1,1,4,0,0,0.233,0.297,0.333,0.63,0.277,999,13788
Nick Ahmed,Diamondbacks,122,528,485,113,23,3,11,52,55,33,104,8,3,0.232,0.285,0.36,0.644,0.277,635.5,12147
Ryder Jones,Giants,6,28,26,6,1,0,1,3,3,2,7,0,0,0.226,0.283,0.36,0.643,0.277,999,15982
Francisco Pena,Cardinals,13,52,48,11,2,0,2,5,6,3,10,0,0,0.222,0.271,0.376,0.646,0.277,999,8298
Hunter Dozier,Royals,19,82,74,16,4,0,2,8,8,7,27,1,0,0.213,0.283,0.354,0.638,0.277,567,15117
Ramon Torres,Royals,13,55,51,13,2,0,1,6,4,3,8,1,1,0.252,0.293,0.342,0.635,0.277,666.3,14113
Kaleb Cowart,Angels,23,97,88,20,4,0,2,11,9,7,25,2,1,0.225,0.289,0.348,0.636,0.276,644.3,11494
Rafael Bautista,Nationals,5,21,20,5,1,0,0,2,2,1,4,1,0,0.253,0.299,0.332,0.631,0.276,999,15769
Magneuris Sierra,Marlins,52,220,204,52,9,2,2,23,15,11,48,7,2,0.255,0.296,0.339,0.635,0.276,548.1,17023
Tomas Telis,Marlins,18,70,65,16,3,0,1,6,6,4,9,0,0,0.251,0.294,0.343,0.637,0.276,668.6,10067
Cliff Pennington,Reds,55,199,177,40,7,1,4,20,17,17,50,2,1,0.224,0.295,0.334,0.629,0.276,999,3395
Caleb Joseph,Orioles,81,312,288,65,13,1,8,31,29,18,80,1,1,0.227,0.276,0.364,0.64,0.276,478.8,7087
Paulo Orlando,Royals,105,444,414,102,20,3,6,45,37,20,97,8,3,0.246,0.287,0.35,0.636,0.276,662.3,8628
Trayce Thompson,Dodgers,23,59,53,11,3,0,2,6,6,5,17,1,0,0.208,0.273,0.367,0.64,0.276,726,9952
Jorge Mateo,Athletics,2,7,6,1,0,0,0,1,1,0,2,0,0,0.228,0.279,0.362,0.641,0.276,571,sa657910
Grayson Greiner,Tigers,8,31,29,6,1,0,1,3,3,2,8,0,0,0.221,0.282,0.353,0.635,0.276,999,sa828801
Jorge Alfaro,Phillies,94,372,345,77,16,1,11,37,40,17,129,2,1,0.223,0.274,0.368,0.641,0.276,243.1,12180
Andrew Stevenson,Nationals,15,64,58,14,3,0,1,7,5,4,15,2,1,0.243,0.297,0.33,0.627,0.275,999,17932
Alcides Escobar,Royals,113,478,447,114,21,3,5,48,38,18,72,9,3,0.256,0.289,0.348,0.637,0.275,524.9,6310
Dustin Garneau,Athletics,3,13,12,2,1,0,0,1,1,1,3,0,0,0.206,0.274,0.361,0.635,0.275,725,9433
Giovanny Urshela,Indians,52,225,209,50,11,1,4,22,24,12,35,0,0,0.24,0.283,0.354,0.637,0.275,999,10681
J.T. Riddle,Marlins,113,481,446,109,20,2,7,43,43,27,95,4,1,0.244,0.289,0.348,0.637,0.274,672.8,17642
Pedro Severino,Nationals,8,32,30,7,1,0,1,3,3,2,7,0,0,0.232,0.282,0.352,0.633,0.274,655,14523
Ronald Torreyes,Yankees,29,126,117,30,5,1,1,13,11,6,15,1,0,0.253,0.292,0.338,0.629,0.274,514.2,11400
Lourdes Gurriel,Blue Jays,3,14,13,3,1,0,0,1,1,1,3,0,0,0.234,0.278,0.355,0.634,0.273,685.8,sa908697
Alfredo Gonzalez,White Sox,2,6,5,1,0,0,0,1,0,0,1,0,0,0.23,0.295,0.323,0.618,0.273,999,sa505301
Jack Reinheimer,Diamondbacks,2,7,6,2,0,0,0,1,1,0,2,0,0,0.238,0.295,0.326,0.621,0.273,999,14938
Brandon Dixon,Reds,21,51,47,10,2,0,2,5,6,3,17,1,0,0.216,0.268,0.368,0.636,0.272,999,sa737637
John Ryan Murphy,Diamondbacks,3,13,12,3,1,0,0,1,1,1,3,0,0,0.226,0.285,0.341,0.626,0.272,999,10346
Joey Wendle,Rays,81,341,319,74,18,2,6,32,32,15,79,5,2,0.234,0.277,0.355,0.632,0.272,690.5,13853
David Freitas,Mariners,3,13,12,3,1,0,0,1,1,1,3,0,0,0.228,0.286,0.335,0.621,0.272,999,10619
Ryan Goins,Royals,15,61,56,13,3,0,1,6,5,4,13,0,0,0.232,0.285,0.337,0.622,0.271,675.9,9807
Andrew Romine,Mariners,24,103,94,22,4,0,1,11,7,7,22,3,1,0.236,0.294,0.32,0.614,0.271,660.7,1159
Elias Diaz,Pirates,49,192,178,43,9,1,2,18,17,11,35,1,1,0.242,0.288,0.331,0.619,0.27,674.7,11680
Zach Vincej,Mariners,10,41,38,9,2,0,0,4,3,3,8,0,0,0.237,0.291,0.325,0.616,0.27,999,13269
Oscar Mercado,Cardinals,3,14,13,3,1,0,0,2,1,1,3,1,0,0.229,0.283,0.337,0.62,0.269,999,sa737612
Braxton Lee,Marlins,23,96,86,21,3,0,1,9,6,8,20,2,1,0.239,0.303,0.306,0.609,0.269,652.1,sa829053
Jose Trevino,Rangers,2,6,6,1,0,0,0,1,1,0,1,0,0,0.24,0.279,0.348,0.626,0.269,999,sa827368
Chris Stewart,Braves,8,32,29,7,1,0,0,3,3,2,6,0,0,0.237,0.297,0.313,0.609,0.269,999,3878
Nolan Fontana,Angels,15,63,54,11,2,0,1,6,4,7,19,1,0,0.197,0.295,0.304,0.599,0.268,999,13267
Eric Stamets,Indians,2,7,6,1,0,0,0,1,1,0,2,0,0,0.212,0.274,0.339,0.614,0.268,999,sa621787
Austin Romine,Yankees,32,128,118,27,5,0,2,13,12,8,27,0,0,0.23,0.279,0.336,0.615,0.268,650,5491
Miguel Rojas,Marlins,94,320,291,71,12,1,2,27,24,20,39,3,1,0.245,0.299,0.311,0.61,0.267,688.5,7802
Adam Engel,White Sox,138,578,521,107,22,3,12,61,43,42,183,18,6,0.206,0.274,0.334,0.608,0.266,633.2,15082
Pedro Florimon,Phillies,31,133,120,25,5,1,3,13,11,11,44,2,1,0.209,0.277,0.33,0.607,0.265,999,8385
Stuart Turner,Reds,8,32,29,6,1,0,1,3,3,2,8,0,0,0.212,0.273,0.328,0.601,0.264,712,15207
Alexi Amarista,Tigers,24,103,94,22,4,1,1,10,8,6,19,2,1,0.232,0.281,0.325,0.606,0.263,740,9063
Jeff Mathis,Diamondbacks,73,290,266,57,13,2,5,26,27,19,81,2,1,0.215,0.272,0.331,0.603,0.262,680.3,3448
Adrian Sanchez,Nationals,8,36,33,8,2,0,0,3,3,2,7,0,0,0.236,0.278,0.323,0.6,0.261,999,11338
Bubba Starling,Royals,3,14,12,3,1,0,0,1,1,1,4,0,0,0.209,0.268,0.329,0.597,0.26,999,sa597751
Austin Nola,Marlins,11,45,41,9,2,0,0,4,3,3,9,0,0,0.223,0.289,0.303,0.592,0.26,999,sa577789
Peter Mooney,Marlins,3,14,12,3,1,0,0,1,1,1,2,0,0,0.218,0.289,0.297,0.586,0.26,999,sa503239
Juan Graterol,Angels,8,32,30,7,1,0,0,3,3,1,5,0,0,0.244,0.277,0.316,0.592,0.258,999,5398
Ichiro Suzuki,Mariners,52,220,208,50,10,2,1,22,15,9,36,4,1,0.242,0.273,0.322,0.595,0.258,999,1101
Luke Maile,Blue Jays,32,127,117,25,6,0,2,12,11,7,30,1,0,0.215,0.265,0.323,0.589,0.257,695,13355
Engelb Vielma,Orioles,11,48,44,10,2,0,0,5,3,3,11,1,0,0.231,0.281,0.297,0.578,0.255,999,sa657416
Deven Marrero,Red Sox,8,35,32,7,1,0,1,4,3,2,10,1,0,0.218,0.268,0.314,0.582,0.255,670.1,13325
Trevor Brown,Giants,3,13,12,3,1,0,0,1,1,1,3,0,0,0.22,0.269,0.311,0.58,0.253,999,13895
Charlie Culberson,Braves,81,309,289,64,13,1,4,27,27,16,72,4,2,0.222,0.265,0.316,0.582,0.252,687.5,3298
Gift Ngoepe,Blue Jays,8,35,31,6,1,0,1,4,3,3,13,0,0,0.189,0.261,0.31,0.572,0.252,999,10340
Javier Guerra,Padres,3,14,13,3,1,0,0,1,1,1,5,0,0,0.201,0.252,0.318,0.571,0.247,999,sa736916